{
  "name": "Common_Voice_Create_Callback_Dev - Exported 2025-12-10 @ 13:19",
  "integrationType": "purecloud-data-actions",
  "actionType": "custom",
  "config": {
    "request": {
      "requestUrlTemplate": "/api/v2/conversations/callbacks",
      "requestType": "POST",
      "headers": {},
      "requestTemplate": "{\n  \"routingData\": {\n      \"queueId\": \"${input.QueueId}\"\n   },\n   \"callbackNumbers\": [${input.CallbackNumber}],\n   \"data\": {\n    \"TFN\": \"${input.TFN}\",\n    \"Language\": \"${input.Language}\",\n    \"Zipcode\": \"${input.Zipcode}\",\n    \"CalledNumber\": \"${input.CalledNumber}\",\n    \"Ani\": \"${input.Ani}\",\n    \"UUID\": \"${input.UUID}\"\n  }\n}"
    },
    "response": {
      "translationMap": {},
      "translationMapDefaults": {},
      "successTemplate": "${rawResult}"
    }
  },
  "contract": {
    "input": {
      "inputSchema": {
        "type": "object",
        "properties": {
          "QueueId": {
            "type": "string"
          },
          "CallbackNumber": {
            "type": "string"
          },
          "TFN": {
            "type": "string"
          },
          "Language": {
            "type": "string"
          },
          "Zipcode": {
            "type": "string"
          },
          "CalledNumber": {
            "type": "string"
          },
          "Ani": {
            "type": "string"
          },
          "UUID": {
            "type": "string"
          }
        }
      }
    },
    "output": {
      "successSchema": {
        "type": "object",
        "properties": {}
      }
    }
  },
  "secure": false
}