{
  "name": "SurveyDisconnectType - Exported 2025-12-10 @ 13:19",
  "integrationType": "purecloud-data-actions",
  "actionType": "custom",
  "config": {
    "request": {
      "requestUrlTemplate": "/api/v2/conversations/calls/${input.ConversationID}",
      "requestType": "GET",
      "headers": {},
      "requestTemplate": "${input.rawRequest}"
    },
    "response": {
      "translationMap": {
        "disconnectType": "$.participants[*].disconnectType",
        "LastQueueID": "$.participants[?(@.disconnectType=='client')].queue.id",
        "EndTime": "$.participants[?(@.disconnectType=='client')].endTime",
        "LastQueue": "$.participants[?(@.purpose=='acd')].name"
      },
      "translationMapDefaults": {
        "disconnectType": "UNKNOWN",
        "LastQueueID": "UNKNOWN",
        "EndTime": "UNKNOWN",
        "LastQueue": "UNKNOWN"
      },
      "successTemplate": "{\"DisconnectType\": ${disconnectType},\"LastQueueID\": ${LastQueueID},\"EndTime\": ${EndTime},\"LastQueue\": ${LastQueue}}"
    }
  },
  "contract": {
    "input": {
      "inputSchema": {
        "type": "object",
        "properties": {
          "ConversationID": {
            "type": "string"
          }
        },
        "additionalProperties": true
      }
    },
    "output": {
      "successSchema": {
        "type": "object",
        "required": [
          "LastQueueID"
        ],
        "properties": {
          "DisconnectType": {
            "type": "array",
            "items": {
              "title": "Item 1",
              "type": "string"
            }
          },
          "LastQueueID": {
            "type": "array",
            "items": {
              "type": "string",
              "title": "LastQueueID"
            }
          },
          "EndTime": {
            "type": "array",
            "items": {
              "title": "EndTime",
              "type": "string"
            }
          },
          "LastQueue": {
            "type": "array",
            "items": {
              "title": "LastQueue",
              "type": "string"
            }
          }
        },
        "additionalProperties": true
      }
    }
  },
  "secure": false
}