{
    "Items": [{
        "userID": "X219059",
        "deviceName": "VXABCORPA100246",
        "response": {
            "@odata.context": "https://us3-odata.aternity.com/aternity.odata/v2.0/$metadata_1628278769429,HOST_RESOURCES_HOURLY,0#HOST_RESOURCES_HOURLY",
            "value": [{
                    "ACCOUNT_ID": 4,
                    "ACCOUNT_NAME": "Prudential",
                    "BUSINESS_LOCATION": "Not Mapped",
                    "CALENDAR_DATE": "2021/08/06",
                    "CALENDAR_MONTH": "2021/08",
                    "CALENDAR_WEEK": "2021 Week  32",
                    "CORP_CHANNEL": "N/A",
                    "CORP_LINE_OF_BUSINESS": "N/A",
                    "CORP_MARKET": "N/A",
                    "CORP_STORE_ID": "N/A",
                    "CORP_STORE_TYPE": "N/A",
                    "CUSTOM_ATTRIBUTE_1": "Not Mapped",
                    "CUSTOM_ATTRIBUTE_2": "Not Mapped",
                    "CUSTOM_ATTRIBUTE_3": "Not Mapped",
                    "CUSTOM_ATTRIBUTE_4": "Not Mapped",
                    "CUSTOM_ATTRIBUTE_5": "ChromeHTML",
                    "CUSTOM_ATTRIBUTE_6": "N/A",
                    "CUSTOM_PILOT_GROUP": "Not in a Group",
                    "DEVICE_CPU_CORES": "2",
                    "DEVICE_CPU_FREQUENCY": "2.5GHz to 3GHz",
                    "DEVICE_CPU_GENERATION": "Other",
                    "DEVICE_CPU_MODEL": "Intel(R) Xeon(R) Gold 6132 CPU @ 2.60GHz",
                    "DEVICE_CPU_TYPE": "Other",
                    "DEVICE_DAYS_FROM_LAST_BOOT": "15 - 30 days",
                    "DEVICE_DOMAIN": "prudential.com",
                    "DEVICE_HOURS_RUNNING_TOTAL": 1.0,
                    "DEVICE_ID_MOBILE_OR_MAC": "N/A",
                    "DEVICE_IDLE_THIS_HOUR": "false",
                    "DEVICE_IMAGE_BUILD_NUMBER": "N/A",
                    "DEVICE_IP_ADDRESS": "48.51.51.139",
                    "DEVICE_MANUFACTURER": "VMware, Inc.",
                    "DEVICE_MEMORY": "8GB",
                    "DEVICE_MODEL": "VMware, Inc.",
                    "DEVICE_NAME": "VXABZSV6P200391",
                    "DEVICE_NETWORK_TYPE": "LAN",
                    "DEVICE_POWER_PLAN": "Prudential VDI",
                    "DEVICE_SUBNET": "48.51.48.0/20",
                    "DEVICE_TYPE": "Virtual Desktop",
                    "HRC_CPU_UTIL_AVG": 10.558,
                    "HRC_DISK_IO_READ_RATE_AVG": 108249.875,
                    "HRC_DISK_IO_WRITE_RATE_AVG": 124791.67,
                    "HRC_DISK_QUEUE_LENGTH_MAX": 0,
                    "HRC_MOBILE_BATTERY_LEVEL_MAX": null,
                    "HRC_MOBILE_BATTERY_LEVEL_MIN": null,
                    "HRC_PHYSICAL_MEMORY_UTIL_AVG": 79.866,
                    "HRC_VIRTUAL_MEMORY_UTIL_AVG": 70.767,
                    "LOCATION_CITY": "Not Mapped",
                    "LOCATION_COUNTRY": "Not Mapped",
                    "LOCATION_ON_SITE": "true",
                    "LOCATION_ON_VPN": "false",
                    "LOCATION_REGION": "Not Mapped",
                    "LOCATION_STATE": "Not Mapped",
                    "MOBILE_CARRIER": "Other",
                    "MS_OFFICE_LICENSE_TYPE": "Subscription",
                    "MS_OFFICE_VERSION": "MS Office 365",
                    "MS_STABILITY_INDEX": 9.5,
                    "NETWORK_READ_AVG": 3596.748,
                    "NETWORK_WRITE_AVG": 11351.957,
                    "OS_ARCHITECTURE": "64-bit",
                    "OS_DISK_TYPE": "Virtual",
                    "OS_FAMILY": "MS Windows",
                    "OS_NAME": "MS Windows 10",
                    "OS_VERSION": "Microsoft Windows 10 Enterprise 1909",
                    "TIMEFRAME": "2021-08-06T12:00:00-04:00",
                    "USER_DEPARTMENT": "GT-CTO",
                    "USER_DOMAIN": "PRUDENTIAL",
                    "USER_EMAIL_ADDRESS": "kapil.jayaraman@prudential.com",
                    "USER_FULL_NAME": "Kapil Jayaraman",
                    "USER_OFFICE": "Roseland 1",
                    "USER_ROLE": "Other",
                    "USER_TITLE": "Consultant",
                    "USERNAME": "x245758",
                    "WIFI_BSSID": "LAN",
                    "WIFI_CHANNEL": "LAN",
                    "WIFI_SSID": "LAN"
                },
                {
                    "ACCOUNT_ID": 4,
                    "ACCOUNT_NAME": "Prudential",
                    "BUSINESS_LOCATION": "Not Mapped",
                    "CALENDAR_DATE": "2021/08/06",
                    "CALENDAR_MONTH": "2021/08",
                    "CALENDAR_WEEK": "2021 Week  32",
                    "CORP_CHANNEL": "N/A",
                    "CORP_LINE_OF_BUSINESS": "N/A",
                    "CORP_MARKET": "N/A",
                    "CORP_STORE_ID": "N/A",
                    "CORP_STORE_TYPE": "N/A",
                    "CUSTOM_ATTRIBUTE_1": "Not Mapped",
                    "CUSTOM_ATTRIBUTE_2": "Not Mapped",
                    "CUSTOM_ATTRIBUTE_3": "Not Mapped",
                    "CUSTOM_ATTRIBUTE_4": "Not Mapped",
                    "CUSTOM_ATTRIBUTE_5": "ChromeHTML",
                    "CUSTOM_ATTRIBUTE_6": "N/A",
                    "CUSTOM_PILOT_GROUP": "Not in a Group",
                    "DEVICE_CPU_CORES": "2",
                    "DEVICE_CPU_FREQUENCY": "2.5GHz to 3GHz",
                    "DEVICE_CPU_GENERATION": "Other",
                    "DEVICE_CPU_MODEL": "Intel(R) Xeon(R) Gold 6132 CPU @ 2.60GHz",
                    "DEVICE_CPU_TYPE": "Other",
                    "DEVICE_DAYS_FROM_LAST_BOOT": "15 - 30 days",
                    "DEVICE_DOMAIN": "prudential.com",
                    "DEVICE_HOURS_RUNNING_TOTAL": 1.0,
                    "DEVICE_ID_MOBILE_OR_MAC": "N/A",
                    "DEVICE_IDLE_THIS_HOUR": "false",
                    "DEVICE_IMAGE_BUILD_NUMBER": "N/A",
                    "DEVICE_IP_ADDRESS": "48.51.51.139",
                    "DEVICE_MANUFACTURER": "VMware, Inc.",
                    "DEVICE_MEMORY": "8GB",
                    "DEVICE_MODEL": "VMware, Inc.",
                    "DEVICE_NAME": "VXABZSV6P200391",
                    "DEVICE_NETWORK_TYPE": "LAN",
                    "DEVICE_POWER_PLAN": "Prudential VDI",
                    "DEVICE_SUBNET": "48.51.48.0/20",
                    "DEVICE_TYPE": "Virtual Desktop",
                    "HRC_CPU_UTIL_AVG": 9.537,
                    "HRC_DISK_IO_READ_RATE_AVG": 60066.86,
                    "HRC_DISK_IO_WRITE_RATE_AVG": 101620.12,
                    "HRC_DISK_QUEUE_LENGTH_MAX": 0,
                    "HRC_MOBILE_BATTERY_LEVEL_MAX": null,
                    "HRC_MOBILE_BATTERY_LEVEL_MIN": null,
                    "HRC_PHYSICAL_MEMORY_UTIL_AVG": 80.688,
                    "HRC_VIRTUAL_MEMORY_UTIL_AVG": 70.794,
                    "LOCATION_CITY": "Not Mapped",
                    "LOCATION_COUNTRY": "Not Mapped",
                    "LOCATION_ON_SITE": "true",
                    "LOCATION_ON_VPN": "false",
                    "LOCATION_REGION": "Not Mapped",
                    "LOCATION_STATE": "Not Mapped",
                    "MOBILE_CARRIER": "Other",
                    "MS_OFFICE_LICENSE_TYPE": "Subscription",
                    "MS_OFFICE_VERSION": "MS Office 365",
                    "MS_STABILITY_INDEX": 9.5,
                    "NETWORK_READ_AVG": 3638.397,
                    "NETWORK_WRITE_AVG": 11263.307,
                    "OS_ARCHITECTURE": "64-bit",
                    "OS_DISK_TYPE": "Virtual",
                    "OS_FAMILY": "MS Windows",
                    "OS_NAME": "MS Windows 10",
                    "OS_VERSION": "Microsoft Windows 10 Enterprise 1909",
                    "TIMEFRAME": "2021-08-06T13:00:00-04:00",
                    "USER_DEPARTMENT": "GT-CTO",
                    "USER_DOMAIN": "PRUDENTIAL",
                    "USER_EMAIL_ADDRESS": "kapil.jayaraman@prudential.com",
                    "USER_FULL_NAME": "Kapil Jayaraman",
                    "USER_OFFICE": "Roseland 1",
                    "USER_ROLE": "Other",
                    "USER_TITLE": "Consultant",
                    "USERNAME": "x245758",
                    "WIFI_BSSID": "LAN",
                    "WIFI_CHANNEL": "LAN",
                    "WIFI_SSID": "LAN"
                },
                {
                    "ACCOUNT_ID": 4,
                    "ACCOUNT_NAME": "Prudential",
                    "BUSINESS_LOCATION": "Not Mapped",
                    "CALENDAR_DATE": "2021/08/06",
                    "CALENDAR_MONTH": "2021/08",
                    "CALENDAR_WEEK": "2021 Week  32",
                    "CORP_CHANNEL": "N/A",
                    "CORP_LINE_OF_BUSINESS": "N/A",
                    "CORP_MARKET": "N/A",
                    "CORP_STORE_ID": "N/A",
                    "CORP_STORE_TYPE": "N/A",
                    "CUSTOM_ATTRIBUTE_1": "Not Mapped",
                    "CUSTOM_ATTRIBUTE_2": "Not Mapped",
                    "CUSTOM_ATTRIBUTE_3": "Not Mapped",
                    "CUSTOM_ATTRIBUTE_4": "Not Mapped",
                    "CUSTOM_ATTRIBUTE_5": "ChromeHTML",
                    "CUSTOM_ATTRIBUTE_6": "N/A",
                    "CUSTOM_PILOT_GROUP": "Not in a Group",
                    "DEVICE_CPU_CORES": "2",
                    "DEVICE_CPU_FREQUENCY": "2.5GHz to 3GHz",
                    "DEVICE_CPU_GENERATION": "Other",
                    "DEVICE_CPU_MODEL": "Intel(R) Xeon(R) Gold 6132 CPU @ 2.60GHz",
                    "DEVICE_CPU_TYPE": "Other",
                    "DEVICE_DAYS_FROM_LAST_BOOT": "15 - 30 days",
                    "DEVICE_DOMAIN": "prudential.com",
                    "DEVICE_HOURS_RUNNING_TOTAL": 1.0,
                    "DEVICE_ID_MOBILE_OR_MAC": "N/A",
                    "DEVICE_IDLE_THIS_HOUR": "false",
                    "DEVICE_IMAGE_BUILD_NUMBER": "N/A",
                    "DEVICE_IP_ADDRESS": "48.51.51.139",
                    "DEVICE_MANUFACTURER": "VMware, Inc.",
                    "DEVICE_MEMORY": "8GB",
                    "DEVICE_MODEL": "VMware, Inc.",
                    "DEVICE_NAME": "VXABZSV6P200391",
                    "DEVICE_NETWORK_TYPE": "LAN",
                    "DEVICE_POWER_PLAN": "Prudential VDI",
                    "DEVICE_SUBNET": "48.51.48.0/20",
                    "DEVICE_TYPE": "Virtual Desktop",
                    "HRC_CPU_UTIL_AVG": 10.034,
                    "HRC_DISK_IO_READ_RATE_AVG": 110183.6,
                    "HRC_DISK_IO_WRITE_RATE_AVG": 130407.03,
                    "HRC_DISK_QUEUE_LENGTH_MAX": 0,
                    "HRC_MOBILE_BATTERY_LEVEL_MAX": null,
                    "HRC_MOBILE_BATTERY_LEVEL_MIN": null,
                    "HRC_PHYSICAL_MEMORY_UTIL_AVG": 80.358,
                    "HRC_VIRTUAL_MEMORY_UTIL_AVG": 70.853,
                    "LOCATION_CITY": "Not Mapped",
                    "LOCATION_COUNTRY": "Not Mapped",
                    "LOCATION_ON_SITE": "true",
                    "LOCATION_ON_VPN": "false",
                    "LOCATION_REGION": "Not Mapped",
                    "LOCATION_STATE": "Not Mapped",
                    "MOBILE_CARRIER": "Other",
                    "MS_OFFICE_LICENSE_TYPE": "Subscription",
                    "MS_OFFICE_VERSION": "MS Office 365",
                    "MS_STABILITY_INDEX": 9.5,
                    "NETWORK_READ_AVG": 3259.852,
                    "NETWORK_WRITE_AVG": 11237.843,
                    "OS_ARCHITECTURE": "64-bit",
                    "OS_DISK_TYPE": "Virtual",
                    "OS_FAMILY": "MS Windows",
                    "OS_NAME": "MS Windows 10",
                    "OS_VERSION": "Microsoft Windows 10 Enterprise 1909",
                    "TIMEFRAME": "2021-08-06T14:00:00-04:00",
                    "USER_DEPARTMENT": "GT-CTO",
                    "USER_DOMAIN": "PRUDENTIAL",
                    "USER_EMAIL_ADDRESS": "kapil.jayaraman@prudential.com",
                    "USER_FULL_NAME": "Kapil Jayaraman",
                    "USER_OFFICE": "Roseland 1",
                    "USER_ROLE": "Other",
                    "USER_TITLE": "Consultant",
                    "USERNAME": "x245758",
                    "WIFI_BSSID": "LAN",
                    "WIFI_CHANNEL": "LAN",
                    "WIFI_SSID": "LAN"
                },
                {
                    "ACCOUNT_ID": 4,
                    "ACCOUNT_NAME": "Prudential",
                    "BUSINESS_LOCATION": "Not Mapped",
                    "CALENDAR_DATE": "2021/08/06",
                    "CALENDAR_MONTH": "2021/08",
                    "CALENDAR_WEEK": "2021 Week  32",
                    "CORP_CHANNEL": "N/A",
                    "CORP_LINE_OF_BUSINESS": "N/A",
                    "CORP_MARKET": "N/A",
                    "CORP_STORE_ID": "N/A",
                    "CORP_STORE_TYPE": "N/A",
                    "CUSTOM_ATTRIBUTE_1": "Not Mapped",
                    "CUSTOM_ATTRIBUTE_2": "Not Mapped",
                    "CUSTOM_ATTRIBUTE_3": "Not Mapped",
                    "CUSTOM_ATTRIBUTE_4": "Not Mapped",
                    "CUSTOM_ATTRIBUTE_5": "ChromeHTML",
                    "CUSTOM_ATTRIBUTE_6": "N/A",
                    "CUSTOM_PILOT_GROUP": "Not in a Group",
                    "DEVICE_CPU_CORES": "2",
                    "DEVICE_CPU_FREQUENCY": "2.5GHz to 3GHz",
                    "DEVICE_CPU_GENERATION": "Other",
                    "DEVICE_CPU_MODEL": "Intel(R) Xeon(R) Gold 6132 CPU @ 2.60GHz",
                    "DEVICE_CPU_TYPE": "Other",
                    "DEVICE_DAYS_FROM_LAST_BOOT": "15 - 30 days",
                    "DEVICE_DOMAIN": "prudential.com",
                    "DEVICE_HOURS_RUNNING_TOTAL": 1.0,
                    "DEVICE_ID_MOBILE_OR_MAC": "N/A",
                    "DEVICE_IDLE_THIS_HOUR": "false",
                    "DEVICE_IMAGE_BUILD_NUMBER": "N/A",
                    "DEVICE_IP_ADDRESS": "48.51.51.139",
                    "DEVICE_MANUFACTURER": "VMware, Inc.",
                    "DEVICE_MEMORY": "8GB",
                    "DEVICE_MODEL": "VMware, Inc.",
                    "DEVICE_NAME": "VXABZSV6P200391",
                    "DEVICE_NETWORK_TYPE": "LAN",
                    "DEVICE_POWER_PLAN": "Prudential VDI",
                    "DEVICE_SUBNET": "48.51.48.0/20",
                    "DEVICE_TYPE": "Virtual Desktop",
                    "HRC_CPU_UTIL_AVG": 10.034,
                    "HRC_DISK_IO_READ_RATE_AVG": 110183.6,
                    "HRC_DISK_IO_WRITE_RATE_AVG": 130407.03,
                    "HRC_DISK_QUEUE_LENGTH_MAX": 0,
                    "HRC_MOBILE_BATTERY_LEVEL_MAX": null,
                    "HRC_MOBILE_BATTERY_LEVEL_MIN": null,
                    "HRC_PHYSICAL_MEMORY_UTIL_AVG": 80.358,
                    "HRC_VIRTUAL_MEMORY_UTIL_AVG": 70.853,
                    "LOCATION_CITY": "Not Mapped",
                    "LOCATION_COUNTRY": "Not Mapped",
                    "LOCATION_ON_SITE": "true",
                    "LOCATION_ON_VPN": "false",
                    "LOCATION_REGION": "Not Mapped",
                    "LOCATION_STATE": "Not Mapped",
                    "MOBILE_CARRIER": "Other",
                    "MS_OFFICE_LICENSE_TYPE": "Subscription",
                    "MS_OFFICE_VERSION": "MS Office 365",
                    "MS_STABILITY_INDEX": 9.5,
                    "NETWORK_READ_AVG": 3259.852,
                    "NETWORK_WRITE_AVG": 11237.843,
                    "OS_ARCHITECTURE": "64-bit",
                    "OS_DISK_TYPE": "Virtual",
                    "OS_FAMILY": "MS Windows",
                    "OS_NAME": "MS Windows 10",
                    "OS_VERSION": "Microsoft Windows 10 Enterprise 1909",
                    "TIMEFRAME": "2021-08-06T14:00:00-04:00",
                    "USER_DEPARTMENT": "GT-CTO",
                    "USER_DOMAIN": "PRUDENTIAL",
                    "USER_EMAIL_ADDRESS": "kapil.jayaraman@prudential.com",
                    "USER_FULL_NAME": "Kapil Jayaraman",
                    "USER_OFFICE": "Roseland 1",
                    "USER_ROLE": "Other",
                    "USER_TITLE": "Consultant",
                    "USERNAME": "x245758",
                    "WIFI_BSSID": "LAN",
                    "WIFI_CHANNEL": "LAN",
                    "WIFI_SSID": "LAN"
                }
            ]
        }
    }]
}