key,BARGE_IN_ENABLED,ISPLAYBACK,PLAYBACK_TYPE,PROMPT_LOOP_COUNT
PRU_JP_POJ_A_506020,FALSE,FALSE,,1
PRU_JP_POJ_A_510001,FALSE,FALSE,,2
PRU_JP_POJ_A_510002,True,FALSE,,2
PRU_JP_POJ_A_510003,FALSE,FALSE,,2
PRU_JP_POJ_A_510006,FALSE,FALSE,,2
PRU_JP_POJ_A_510009,TRUE,FALSE,,1
PRU_JP_POJ_A_510010,False,False,,2
PRU_JP_POJ_A_510012,TRUE,FALSE,,2
PRU_JP_POJ_A_510012_1,TRUE,FALSE,,1
PRU_JP_POJ_A_510015,FALSE,FALSE,,2
PRU_JP_POJ_A_510016,FALSE,FALSE,,2
PRU_JP_POJ_A_510017,FALSE,FALSE,,2
PRU_JP_POJ_A_510020,FALSE,FALSE,,2
PRU_JP_POJ_A_510021,FALSE,FALSE,,2
PRU_JP_POJ_A_510023,FALSE,FALSE,,2
PRU_JP_POJ_A_510025,FALSE,FALSE,,2
PRU_JP_POJ_A_510027,FALSE,FALSE,,2
PRU_JP_POJ_A_510029,FALSE,FALSE,,2
PRU_JP_POJ_A_510031,FALSE,FALSE,,2
PRU_JP_POJ_A_510032,FALSE,FALSE,,2
PRU_JP_POJ_A_516002,FALSE,FALSE,,1
PRU_JP_POJ_A_516005,TRUE,FALSE,,1
PRU_JP_POJ_A_516009,TRUE,FALSE,,1
PRU_JP_POJ_A_516011,TRUE,TRUE,,1
PRU_JP_POJ_A_516013,TRUE,FALSE,,1
PRU_JP_POJ_A_516018,TRUE,TRUE,,1
PRU_JP_POJ_A_516020,TRUE,FALSE,,1
PRU_JP_POJ_A_516021,TRUE,FALSE,,1
PRU_JP_POJ_A_516036,TRUE,FALSE,,1
PRU_JP_POJ_A_516037,TRUE,FALSE,,1
PRU_JP_POJ_A_516038,FALSE,FALSE,,1
PRU_JP_POJ_A_516040,FALSE,FALSE,,1
PRU_JP_POJ_A_516046,FALSE,FALSE,,1
PRU_JP_POJ_A_516048,FALSE,FALSE,,1
PRU_JP_POJ_A_516049,FALSE,FALSE,,1
PRU_JP_POJ_A_516050,FALSE,FALSE,,1
PRU_JP_POJ_A_516051,FALSE,FALSE,,1
PRU_JP_POJ_A_516052,FALSE,FALSE,,1
PRU_JP_POJ_A_516056,FALSE,FALSE,,1
PRU_JP_POJ_A_516059,TRUE,FALSE,,1
PRU_JP_POJ_A_516062,FALSE,FALSE,,1
PRU_JP_POJ_A_516063,FALSE,FALSE,,1
PRU_JP_POJ_A_516072,FALSE,FALSE,,1
PRU_JP_POJ_A_516073,FALSE,FALSE,,1
PRU_JP_POJ_A_516093,FALSE,FALSE,,1
PRU_JP_POJ_A_516094,FALSE,FALSE,,1
PRU_JP_POJ_A_516096,FALSE,FALSE,,1
PRU_JP_POJ_A_516099,FALSE,FALSE,,1
PRU_JP_POJ_A_516104,TRUE,FALSE,,1
PRU_JP_POJ_A_518002,FALSE,FALSE,,2
PRU_JP_POJ_A_518005,FALSE,FALSE,,2
PRU_JP_POJ_A_518008,FALSE,FALSE,,1
PRU_JP_POJ_A_518012,FALSE,FALSE,,2
PRU_JP_POJ_A_518013,FALSE,FALSE,,2
PRU_JP_POJ_A_518015,FALSE,FALSE,,2
PRU_JP_POJ_A_518016,False,False,,2
