key,SCHEDULE_ACTIVE,SCHEDULE_INACTIVE
1000_S_POJ_Everyday_21-9,1002,1004
1000_S_POJ_IndependenceDay,1002,S_POJ_Everyday_21-9
1000_S_POJ_LaborDay,1000,S_POJ_Thanksgiving
1000_S_POJ_Thanksgiving,1000,S_POJ_IndependenceDay
1010_S_POJ_Everyday_21-9,1014,1016
1010_S_POJ_IndependenceDay,1014,S_POJ_Everyday_21-9
1010_S_POJ_LaborDay,1010,S_POJ_Thanksgiving
1010_S_POJ_Thanksgiving,1012,S_POJ_IndependenceDay
1030_S_POJ_Everyday_21-9,1034,1036
1030_S_POJ_IndependenceDay,1034,S_POJ_Everyday_21-9
1030_S_POJ_LaborDay,1030,S_POJ_Thanksgiving
1030_S_POJ_Thanksgiving,1032,S_POJ_IndependenceDay 
1040_S_POJ_Everyday_21-9,1044,1046
1040_S_POJ_IndependenceDay,1044,S_POJ_Everyday_21-9
1040_S_POJ_LaborDay,1040,S_POJ_Thanksgiving
1040_S_POJ_Thanksgiving,1042,S_POJ_IndependenceDay
1130_S_POJ_Everyday18:00_9:00,1134,1136
1130_S_POJ_Friday18.00-Saturday9.00,1134,S_POJ_Saturday17-Sunday9
1130_S_POJ_IndependenceDay,S_POJ_WeekEnd9-17,S_POJ_Friday18.00-Saturday9.00
1130_S_POJ_LaborDay,1130,S_POJ_Thanksgiving
1130_S_POJ_Saturday17-Sunday9,1134,S_POJ_Sunday17_Monday9
1130_S_POJ_Sunday17_Monday9,1134,S_POJ_Everyday18:00_9:00
1130_S_POJ_Thanksgiving,1132,S_POJ_IndependenceDay
1130_S_POJ_WeekEnd9-17,1136,1134
1140_S_POJ_Juneteenth,1142,1140
1150_S_POJ_Everyday18:00_9:00,1154,1156
1150_S_POJ_Friday18.00-Saturday9.00,1154,S_POJ_Saturday17-Sunday9
1150_S_POJ_IndependenceDay,S_POJ_WeekEnd9-17,S_POJ_Friday18.00-Saturday9.00
1150_S_POJ_LaborDay,1150,S_POJ_Thanksgiving
1150_S_POJ_Saturday17-Sunday9,1154,S_POJ_Sunday17_Monday9
1150_S_POJ_Sunday17_Monday9,1154,S_POJ_Everyday18:00_9:00
1150_S_POJ_Thanksgiving,1152,S_POJ_IndependenceDay
1150_S_POJ_WeekEnd9-17,1156,1154
1160_S_POJ_Everyday17.00-9.00,1164,1166
1160_S_POJ_Friday17.00-Monday9.00,1164,S_POJ_Everyday17.00-9.00
1160_S_POJ_IndependenceDay,1164,S_POJ_Friday17.00-Monday9.00
1160_S_POJ_LaborDay,1160,S_POJ_Thanksgiving
1160_S_POJ_Thanksgiving,1162,S_POJ_IndependenceDay
1170_S_POJ_Everyday17.00-9.00,1174,1176
1170_S_POJ_Friday17.00-Monday9.00,1174,S_POJ_Everyday17.00-9.00
1170_S_POJ_IndependenceDay,1174,S_POJ_Friday17.00-Monday9.00
1170_S_POJ_LaborDay,1170,S_POJ_Thanksgiving
1170_S_POJ_Thanksgiving,1172,S_POJ_IndependenceDay
1180_S_POJ_Everyday17.00-9.00,1184,1186
1180_S_POJ_Friday17.00-Monday9.00,1184,S_POJ_Everyday17.00-9.00
1180_S_POJ_IndependenceDay,1184,S_POJ_Friday17.00-Monday9.00
1180_S_POJ_LaborDay,1180,S_POJ_Thanksgiving
1180_S_POJ_Thanksgiving,1182,S_POJ_IndependenceDay
1190_S_POJ_Everyday17.00-9.00,1192,1194
1190_S_POJ_Friday17.00-Monday9.00,1192,S_POJ_Everyday17.00-9.00
1190_S_POJ_LaborDay,1190,S_POJ_Thanksgiving
1190_S_POJ_Thanksgiving,1192,S_POJ_Friday17.00-Monday9.00
1200_S_POJ_Everyday17.00-9.00,1202,1204
1200_S_POJ_Friday17.00-Monday9.00,1202,S_POJ_Everyday17.00-9.00
1200_S_POJ_LaborDay,1200,S_POJ_Thanksgiving
1200_S_POJ_Thanksgiving,1202,S_POJ_Friday17.00-Monday9.00
2200_S_POJ_Everyday19:00_9:00,2202,S_POJ_Monday_(9:30_11)
2200_S_POJ_Friday_19:00-Monday_09:00,2202,S_POJ_Saturday
2200_S_POJ_IndependenceDay,2202,S_POJ_Friday_19:00-Monday_09:00
2200_S_POJ_LaborDay,2201,S_POJ_Thanksgiving
2200_S_POJ_Monday_(9:30_11),2201,2200
2200_S_POJ_Saturday,2202,S_POJ_Sunday
2200_S_POJ_Sunday,2202,S_POJ_Everyday19:00_9:00
2200_S_POJ_Thanksgiving,2202,S_POJ_IndependenceDay
4000_S_POJ_ColumbusDay,4601,S_POJ_Juneteenth
4000_S_POJ_Everyday_(08-09),4200,S_POJ_Everyday_(09-17.30)
4000_S_POJ_Everyday_(09-17.30),4400,S_POJ_Everyday_(17:30-19)
4000_S_POJ_Everyday_(17:30-19),4100,S_POJ_Everyday_(19-21)
4000_S_POJ_Everyday_(19-21),4200,4500
4000_S_POJ_Juneteenth,4500,S_POJ_NationalHoliday(09-17)
4000_S_POJ_Monday_(08-09),4200,S_POJ_Monday_(09-09.30)
4000_S_POJ_Monday_(09-09.30),4401,S_POJ_Monday_(9:30_11)
4000_S_POJ_Monday_(11-17.30),4401,S_POJ_Monday_(17.30-19)
4000_S_POJ_Monday_(17.30-19),4100,S_POJ_Monday_(19-21)
4000_S_POJ_Monday_(19-21),4200,S_POJ_Monday_(21-24)
4000_S_POJ_Monday_(21-24),4500,S_POJ_Everyday_(08-09)
4000_S_POJ_Monday_(9:30_11),4300,S_POJ_Monday_(11-17.30)
4000_S_POJ_Monday_00-08,4500,S_POJ_Monday_(08-09)
4000_S_POJ_NationalHoliday(09-17),4200,S_POJ_WeekEnd9-17
4000_S_POJ_VeteransDay,4700,S_POJ_ColumbusDay
4000_S_POJ_WeekEnd9-17,4200,S_POJ_Monday_00-08
POJ_Everyday_(19-21),4200,
POJ_Monday_(08-09),4200,
POJ_Monday_(09-09.30),4400,
POJ_Monday_(11-17.30),4400,
POJ_Monday_(9:30_11),4300,
POJ_Monday_00-08,4500,
POJ_VeteransDay,4700,
