key,QUEUE,PRIORITY,HOLD_MUSIC_ENABLED,ANNOUNCEMENT,EWT_ENABLED,EWT_ANNOUNCEMENT,EWT_HOLD_MUSIC_IN_SECONDS,EWT_IN_SECONDS,EWT_PROMPT_IN_HOLD_MUSIC,EWT_THRESHOLD_IN_SECONDS,CALLBACK_ENABLED,CALLBACK_MESSAGE,CALLBACK_THRESHOLD_IN_SECONDS,CALLBACK_HOO,CALLBACK_QUEUE_ID
+81366347962_LP_SP_DB_FAIL,PS_P_LP_SP_E1,1000,False,30 : PRU_JP_POJ_A_514044 : 99,False,,0,,,0,False,PRU_JP_POJ_I_517018,0,POJ_CALLBACK,53ce864c-0bfc-418c-bb2a-9d5476c8921b
+81366347962_LP_SP_MENU_1,PS_LP_SP_インバウンド_2,1000,False,30 : PRU_JP_POJ_A_514044 : 99,False,,0,,,0,False,PRU_JP_POJ_I_517018,0,POJ_CALLBACK,53ce864c-0bfc-418c-bb2a-9d5476c8921b
+81366347962_LP_SP_MENU_3,PS_P_LP_SP_法人保険その他,1000,False,30 : PRU_JP_POJ_A_514044 : 99,False,,0,,,0,False,PRU_JP_POJ_I_517018,0,POJ_CALLBACK,53ce864c-0bfc-418c-bb2a-9d5476c8921b
+81366347962_LP_SP_MENU_4,PS_P_LP_SP_法人確認,1000,False,30 : PRU_JP_POJ_A_514044 : 99,False,,0,,,0,False,PRU_JP_POJ_I_517018,0,POJ_CALLBACK,53ce864c-0bfc-418c-bb2a-9d5476c8921b
+81366347962_LP_SP_MENU_7,PS_P_LP_SP_非対面確認,1000,False,30 : PRU_JP_POJ_A_514044 : 99,False,,0,,,0,False,PRU_JP_POJ_I_517018,0,POJ_CALLBACK,53ce864c-0bfc-418c-bb2a-9d5476c8921b
+81366347962_LP_SP_MENU_8,PS_P_LP_SP_副業先販売,1000,False,30 : PRU_JP_POJ_A_514044 : 99,False,,0,,,0,False,PRU_JP_POJ_I_517018,0,POJ_CALLBACK,53ce864c-0bfc-418c-bb2a-9d5476c8921b
+81366347962_LP_SP_TIMEOUT,PS_P_LP_SP_SPLP_E1,1000,False,30 : PRU_JP_POJ_A_514044 : 99,False,,0,,,0,False,PRU_JP_POJ_I_517018,0,POJ_CALLBACK,53ce864c-0bfc-418c-bb2a-9d5476c8921b
+81366347963_P_HITAIMENKAKUNIN_CB_IN,PS_P_非対面確認コールバック_1,1000,False,30 : PRU_JP_POJ_A_514044 : 99,False,,0,,,0,False,PRU_JP_POJ_I_517018,0,POJ_CALLBACK,53ce864c-0bfc-418c-bb2a-9d5476c8921b
+81366347964_P_HOUJINKAKUNIN_CB_IN,PS_P_法人確認コールバック_1,1000,False,30 : PRU_JP_POJ_A_514044 : 99,False,,0,,,0,False,PRU_JP_POJ_I_517018,0,POJ_CALLBACK,53ce864c-0bfc-418c-bb2a-9d5476c8921b
+81366347965_P_KOUREISYADOUSEKI_CB_IN,PS_P_高齢者同席コールバック_1,1000,False,30 : PRU_JP_POJ_A_514044 : 99,False,,0,,,0,False,PRU_JP_POJ_I_517018,0,POJ_CALLBACK,53ce864c-0bfc-418c-bb2a-9d5476c8921b
+81366347966_P_FUKUGYOUSAKIHANBAI_CB_IN,PS_P_副業先販売コールバック_1,1000,False,30 : PRU_JP_POJ_A_514044 : 99,False,,0,,,0,False,PRU_JP_POJ_I_517018,0,POJ_CALLBACK,53ce864c-0bfc-418c-bb2a-9d5476c8921b
+81366347967_CALL BACK,PS_コールバック_2,1000,False,30 : PRU_JP_POJ_A_514044 : 99,False,,0,,,0,False,PRU_JP_POJ_I_517018,-25,POJ_CALLBACK,53ce864c-0bfc-418c-bb2a-9d5476c8921b
+81366348261_P_HOZENDENWA_SP_IN,PS_P_保全電話SP,1000,False,30 : PRU_JP_POJ_A_514044 : 99,False,,0,,,0,False,PRU_JP_POJ_I_517018,-25,POJ_CALLBACK,53ce864c-0bfc-418c-bb2a-9d5476c8921b
+81366348268_P_KENSHUU,PS_P_研修_2,1000,False,30:PRU_JP_POJ_A_514044:99,False,,0,,,0,False,PRU_JP_POJ_I_517018,0,POJ_CALLBACK,53ce864c-0bfc-418c-bb2a-9d5476c8921b
+81366348383_LPSD1_DB_ERROR,PL_PL_LPSD_エラー,1000,False,,True,PRU_JP_POJ_A_514032|PRU_JP_POJ_A_514015:PRU_JP_POJ_A_514016:PRU_JP_POJ_A_514017:PRU_JP_POJ_A_514018|PRU_JP_POJ_A_514031 | PRU_JP_POJ_A_514032|PRU_JP_POJ_A_514015:PRU_JP_POJ_A_514016:PRU_JP_POJ_A_514017:PRU_JP_POJ_A_514018|PRU_JP_POJ_A_514020,10,50|170|290,PRU_JP_POJ_A_514033,5000,False,PRU_JP_POJ_I_517018,0,POJ_CALLBACK,53ce864c-0bfc-418c-bb2a-9d5476c8921b
+81366348383_LPSD1_MENU_1_1,PL_PL_LPSD_LP1-1,1000,False,,True,PRU_JP_POJ_A_514032|PRU_JP_POJ_A_514015:PRU_JP_POJ_A_514016:PRU_JP_POJ_A_514017:PRU_JP_POJ_A_514018|PRU_JP_POJ_A_514031 | PRU_JP_POJ_A_514032|PRU_JP_POJ_A_514015:PRU_JP_POJ_A_514016:PRU_JP_POJ_A_514017:PRU_JP_POJ_A_514018|PRU_JP_POJ_A_514020,30,50|170|290,PRU_JP_POJ_A_514033,5000,False,PRU_JP_POJ_I_517018,0,POJ_CALLBACK,53ce864c-0bfc-418c-bb2a-9d5476c8921b
+81366348383_LPSD1_MENU_1_2,PL_PL_LPSD_LP1-2,0,False,PRU_JP_POJ_A_514008:2 | 30 : PRU_JP_POJ_A_514034: 99,False,,0,,,0,False,PRU_JP_POJ_I_517018,0,POJ_CALLBACK,53ce864c-0bfc-418c-bb2a-9d5476c8921b
+81366348383_LPSD1_MENU_1_3,PL_PL_LPSD_LP1-3,0,False,PRU_JP_POJ_A_514010:2|30 : PRU_JP_POJ_A_514011: 99,False,,0,,,0,False,PRU_JP_POJ_I_517018,0,POJ_CALLBACK,53ce864c-0bfc-418c-bb2a-9d5476c8921b
+81366348383_LPSD1_MENU_1_4,PL_PL_LPSD_LP1-4,0,False,PRU_JP_POJ_A_514009:2 | 30 : PRU_JP_POJ_A_514035: 99,False,,0,,,0,False,PRU_JP_POJ_I_517018,0,POJ_CALLBACK,53ce864c-0bfc-418c-bb2a-9d5476c8921b
+81366348383_LPSD1_MENU_7_DB_FAIL,PL_P_LP_E3,1000,False,,True,PRU_JP_POJ_A_514032|PRU_JP_POJ_A_514015:PRU_JP_POJ_A_514016:PRU_JP_POJ_A_514017:PRU_JP_POJ_A_514018|PRU_JP_POJ_A_514031 | PRU_JP_POJ_A_514032|PRU_JP_POJ_A_514015:PRU_JP_POJ_A_514016:PRU_JP_POJ_A_514017:PRU_JP_POJ_A_514018|PRU_JP_POJ_A_514031,10,50|170|190,,5000,False,PRU_JP_POJ_I_517018,0,POJ_CALLBACK,53ce864c-0bfc-418c-bb2a-9d5476c8921b
+81366348383_LPSD2_MENU_7_DB_FAIL,PL_P_LP_E3,1000,False,,True,PRU_JP_POJ_A_514032|PRU_JP_POJ_A_514015:PRU_JP_POJ_A_514016:PRU_JP_POJ_A_514017:PRU_JP_POJ_A_514018|PRU_JP_POJ_A_514031 | PRU_JP_POJ_A_514032|PRU_JP_POJ_A_514015:PRU_JP_POJ_A_514016:PRU_JP_POJ_A_514017:PRU_JP_POJ_A_514018|PRU_JP_POJ_A_514031,60,50|170|190,,5000,False,PRU_JP_POJ_I_517018,0,POJ_CALLBACK,53ce864c-0bfc-418c-bb2a-9d5476c8921b
+81366348383_LPSD3_MENU_3,PL_PL_LPSD_LP3,1000,False,15 : PRU_JP_POJ_A_514039 : 99,False,,0,,,0,False,PRU_JP_POJ_I_517018,0,POJ_CALLBACK,53ce864c-0bfc-418c-bb2a-9d5476c8921b
+81366348383_LPSD3_MENU_6,PL_PL_LPSD_LP6,1000,False,15: PRU_JP_POJ_A_516093 : 99,False,,0,,,0,False,PRU_JP_POJ_I_517018,0,POJ_CALLBACK,53ce864c-0bfc-418c-bb2a-9d5476c8921b
+81366348383_LPSD3_MENU_7_DB_FAIL,PL_P_LP_E3,1000,False,,True,PRU_JP_POJ_A_514032|PRU_JP_POJ_A_514015:PRU_JP_POJ_A_514016:PRU_JP_POJ_A_514017:PRU_JP_POJ_A_514018|PRU_JP_POJ_A_514031 | PRU_JP_POJ_A_514032|PRU_JP_POJ_A_514015:PRU_JP_POJ_A_514016:PRU_JP_POJ_A_514017:PRU_JP_POJ_A_514018|PRU_JP_POJ_A_514031,60,50|170|190,,5000,False,PRU_JP_POJ_I_517018,0,POJ_CALLBACK,53ce864c-0bfc-418c-bb2a-9d5476c8921b
+81366348383_LPSD4_DB_ERROR,PL_PL_LPSD_エラー,1000,False,,True,PRU_JP_POJ_A_514032|PRU_JP_POJ_A_514015:PRU_JP_POJ_A_514016:PRU_JP_POJ_A_514017:PRU_JP_POJ_A_514018|PRU_JP_POJ_A_514031 | PRU_JP_POJ_A_514032|PRU_JP_POJ_A_514015:PRU_JP_POJ_A_514016:PRU_JP_POJ_A_514017:PRU_JP_POJ_A_514018|PRU_JP_POJ_A_514020,30,50|170|290,PRU_JP_POJ_A_514033,5000,False,PRU_JP_POJ_I_517018,0,POJ_CALLBACK,53ce864c-0bfc-418c-bb2a-9d5476c8921b
+81366348383_LPSD4_MENU_1_1,PL_PL_LPSD_LP1-1,1000,False,,True,PRU_JP_POJ_A_514032|PRU_JP_POJ_A_514015:PRU_JP_POJ_A_514016:PRU_JP_POJ_A_514017:PRU_JP_POJ_A_514018|PRU_JP_POJ_A_514031 | PRU_JP_POJ_A_514032|PRU_JP_POJ_A_514015:PRU_JP_POJ_A_514016:PRU_JP_POJ_A_514017:PRU_JP_POJ_A_514018|PRU_JP_POJ_A_514020,30,50|170|290,PRU_JP_POJ_A_514033,5000,False,PRU_JP_POJ_I_517018,0,POJ_CALLBACK,53ce864c-0bfc-418c-bb2a-9d5476c8921b
+81366348383_LPSD4_MENU_1_2,PL_PL_LPSD_LP1-2,0,False,PRU_JP_POJ_A_514008:2|30 : PRU_JP_POJ_A_514034: 99,False,,0,,,0,False,PRU_JP_POJ_I_517018,0,POJ_CALLBACK,53ce864c-0bfc-418c-bb2a-9d5476c8921b
+81366348383_LPSD4_MENU_1_3,PL_PL_LPSD_LP1-3,0,False,PRU_JP_POJ_A_514010:2 |30 : PRU_JP_POJ_A_514011: 99,False,,0,,,0,False,PRU_JP_POJ_I_517018,0,POJ_CALLBACK,53ce864c-0bfc-418c-bb2a-9d5476c8921b
+81366348383_LPSD4_MENU_1_4,PL_PL_LPSD_LP1-4,0,False,PRU_JP_POJ_A_514009:2|30 : PRU_JP_POJ_A_514035: 99,False,,0,,,0,False,PRU_JP_POJ_I_517018,0,POJ_CALLBACK,53ce864c-0bfc-418c-bb2a-9d5476c8921b
+81366348383_LPSD4_MENU_3,PL_PL_LPSD_LP3,1000,False,15 : PRU_JP_POJ_A_514039 : 99,False,,0,,,0,False,PRU_JP_POJ_I_517018,0,POJ_CALLBACK,53ce864c-0bfc-418c-bb2a-9d5476c8921b
+81366348383_LPSD4_MENU_4,PL_PL_LPSD_LP4,1000,False,30 : PRU_JP_POJ_A_514023:1|20 : PRU_JP_POJ_A_514023: 99,False,,0,,,0,False,PRU_JP_POJ_I_517018,0,POJ_CALLBACK,53ce864c-0bfc-418c-bb2a-9d5476c8921b
+81366348383_LPSD4_MENU_6,PL_PL_LPSD_LP6,1000,False,15 : PRU_JP_POJ_A_516093 : 99,False,,0,,,0,False,PRU_JP_POJ_I_517018,0,POJ_CALLBACK,53ce864c-0bfc-418c-bb2a-9d5476c8921b
+81366348383_LPSD4_MENU_7_DB_FAIL,PL_P_LP_E3,1000,False,,True,PRU_JP_POJ_A_514032|PRU_JP_POJ_A_514015:PRU_JP_POJ_A_514016:PRU_JP_POJ_A_514017:PRU_JP_POJ_A_514018|PRU_JP_POJ_A_514031 | PRU_JP_POJ_A_514032|PRU_JP_POJ_A_514015:PRU_JP_POJ_A_514016:PRU_JP_POJ_A_514017:PRU_JP_POJ_A_514018|PRU_JP_POJ_A_514031,60,50|170|190,,5000,False,PRU_JP_POJ_I_517018,0,POJ_CALLBACK,53ce864c-0bfc-418c-bb2a-9d5476c8921b
+81366348383_LPSD6_MENU_7_DB_FAIL,PL_P_LP_E3,1000,False,,True,PRU_JP_POJ_A_514032|PRU_JP_POJ_A_514015:PRU_JP_POJ_A_514016:PRU_JP_POJ_A_514017:PRU_JP_POJ_A_514018|PRU_JP_POJ_A_514031 | PRU_JP_POJ_A_514032|PRU_JP_POJ_A_514015:PRU_JP_POJ_A_514016:PRU_JP_POJ_A_514017:PRU_JP_POJ_A_514018|PRU_JP_POJ_A_514031,60,50|170|190,,5000,False,PRU_JP_POJ_I_517018,0,POJ_CALLBACK,53ce864c-0bfc-418c-bb2a-9d5476c8921b
+81366348383_LPSD7_MENU_7_DB_FAIL,PL_P_LP_E3,1000,False,,True,PRU_JP_POJ_A_514032|PRU_JP_POJ_A_514015:PRU_JP_POJ_A_514016:PRU_JP_POJ_A_514017:PRU_JP_POJ_A_514018|PRU_JP_POJ_A_514031 | PRU_JP_POJ_A_514032|PRU_JP_POJ_A_514015:PRU_JP_POJ_A_514016:PRU_JP_POJ_A_514017:PRU_JP_POJ_A_514018|PRU_JP_POJ_A_514031,30,50|170|190,,5000,False,PRU_JP_POJ_I_517018,0,POJ_CALLBACK,53ce864c-0bfc-418c-bb2a-9d5476c8921b
+81366348384_PL_MGRHD_DB_FAIL,PL_PL_マネヘル_エラー,1000,False,,True,PRU_JP_POJ_A_514030|PRU_JP_POJ_A_514015:PRU_JP_POJ_A_514016:PRU_JP_POJ_A_514017:PRU_JP_POJ_A_514018|PRU_JP_POJ_A_514031,60,50|170|290,,5000,False,PRU_JP_POJ_I_517018,0,POJ_CALLBACK,53ce864c-0bfc-418c-bb2a-9d5476c8921b
+81366348384_PL_MGRHD_MENU_1,PL_PL_マネヘル_新契約,1000,False,,True,PRU_JP_POJ_A_514030|PRU_JP_POJ_A_514015:PRU_JP_POJ_A_514016:PRU_JP_POJ_A_514017:PRU_JP_POJ_A_514018|PRU_JP_POJ_A_514031,60,50|170|290,,5000,False,PRU_JP_POJ_I_517018,0,POJ_CALLBACK,53ce864c-0bfc-418c-bb2a-9d5476c8921b
+81366348384_PL_MGRHD_MENU_2,PL_PL_マネヘル_引受,1000,False,,True,PRU_JP_POJ_A_514030|PRU_JP_POJ_A_514015:PRU_JP_POJ_A_514016:PRU_JP_POJ_A_514017:PRU_JP_POJ_A_514018|PRU_JP_POJ_A_514031,60,50|170|290,,5000,False,PRU_JP_POJ_I_517018,0,POJ_CALLBACK,53ce864c-0bfc-418c-bb2a-9d5476c8921b
+81366348384_PL_MGRHD_MENU_3,PL_PL_マネヘル_保全,1000,False,,True,PRU_JP_POJ_A_514030|PRU_JP_POJ_A_514015:PRU_JP_POJ_A_514016:PRU_JP_POJ_A_514017:PRU_JP_POJ_A_514018|PRU_JP_POJ_A_514031,60,50|170|290,,5000,False,PRU_JP_POJ_I_517018,0,POJ_CALLBACK,53ce864c-0bfc-418c-bb2a-9d5476c8921b
+81366348384_PL_MGRHD_MENU_4,PL_PL_マネヘル_収納,1000,False,,True,PRU_JP_POJ_A_514030|PRU_JP_POJ_A_514015:PRU_JP_POJ_A_514016:PRU_JP_POJ_A_514017:PRU_JP_POJ_A_514018|PRU_JP_POJ_A_514031,60,50|170|290,,5000,False,PRU_JP_POJ_I_517018,0,POJ_CALLBACK,53ce864c-0bfc-418c-bb2a-9d5476c8921b
+81366348385_PL_HZNDW_DB_FAIL,PL_PL_保全電話_エラー,2000,False,,True,PRU_JP_POJ_A_514032|PRU_JP_POJ_A_514015:PRU_JP_POJ_A_514016:PRU_JP_POJ_A_514017:PRU_JP_POJ_A_514018|PRU_JP_POJ_A_514031,30,50|170|290,,5000,True,PRU_JP_POJ_I_517018,0,POJ_CALLBACK,53ce864c-0bfc-418c-bb2a-9d5476c8921b
+81366348385_PL_HZNDW_MENU_1,PL_PL_保全電話_保全,2000,False,,True,PRU_JP_POJ_A_514032|PRU_JP_POJ_A_514015:PRU_JP_POJ_A_514016:PRU_JP_POJ_A_514017:PRU_JP_POJ_A_514018|PRU_JP_POJ_A_514031,30,50|170|290,,5000,True,PRU_JP_POJ_I_517018,-25,POJ_CALLBACK,53ce864c-0bfc-418c-bb2a-9d5476c8921b
+81366348385_PL_HZNDW_MENU_2,PL_PL_保全電話_保険金,2000,False,,True,PRU_JP_POJ_A_514032|PRU_JP_POJ_A_514015:PRU_JP_POJ_A_514016:PRU_JP_POJ_A_514017:PRU_JP_POJ_A_514018|PRU_JP_POJ_A_514031,30,50|170|290,,5000,True,PRU_JP_POJ_I_517018,0,POJ_CALLBACK,53ce864c-0bfc-418c-bb2a-9d5476c8921b
+81366348399_PC_CUSTOMER,PC_PC_お客様_2,1000,False,PRU_JP_POJ_A_514047 :1|30 : PRU_JP_POJ_A_514048 : 1| 20 : PRU_JP_POJ_A_514048 : 99,False,,0,,,0,False,PRU_JP_POJ_I_517018,0,POJ_CALLBACK,53ce864c-0bfc-418c-bb2a-9d5476c8921b
+81366348410_P_KINKYU,PC_P_緊急回線_2,1000,False,0 : PRU_JP_POJ_A_514045:1|30 : PRU_JP_POJ_A_514046: 1| 20 : PRU_JP_POJ_A_514046: 99,False,,0,,,0,False,PRU_JP_POJ_I_517018,0,POJ_CALLBACK,53ce864c-0bfc-418c-bb2a-9d5476c8921b
+81366348734_PC_AOBA_CUSTOMER,PC_PC_旧あおば契約お客様FD_2,1000,False,PRU_JP_POJ_A_514006:1|30 : PRU_JP_POJ_A_514002: 1| 20 : PRU_JP_POJ_A_514002: 99,False,,0,,,0,False,PRU_JP_POJ_I_517018,0,POJ_CALLBACK,53ce864c-0bfc-418c-bb2a-9d5476c8921b
+81366348739_PC_SAIKENSYO_CUST,PC_PC_再検証お客様回線_2,1000,False,PRU_JP_POJ_A_514006:1|   30 : PRU_JP_POJ_A_514005: 1    | 20 : PRU_JP_POJ_A_514005: 99,False,,0,,,0,False,PRU_JP_POJ_I_517018,0,POJ_CALLBACK,53ce864c-0bfc-418c-bb2a-9d5476c8921b
+81366349222_PC_SHIHARAIHOT_CUST,PC_PC_支払いHL（お客様）_2,1000,False,PRU_JP_POJ_A_514006 :1|30 : PRU_JP_POJ_A_514004: 1|20 : PRU_JP_POJ_A_514004: 99,False,,0,,,0,False,PRU_JP_POJ_I_517018,0,POJ_CALLBACK,53ce864c-0bfc-418c-bb2a-9d5476c8921b
+81366349228_P_MY_NUMBER,PC_P_マイナンバー_1,1000,False,PRU_JP_POJ_A_514037:1|30 : PRU_JP_POJ_A_514038: 1| 20 : PRU_JP_POJ_A_514038: 99,False,,0,,,0,False,PRU_JP_POJ_I_517018,-25,POJ_CALLBACK,53ce864c-0bfc-418c-bb2a-9d5476c8921b
+81366349612_PC_SHIHARAIHOT_SOUDAN,PD_PC_支払いHL（相談室）_2,1000,False,PRU_JP_POJ_A_514041:1|30 : PRU_JP_POJ_A_514042: 1| 20 : PRU_JP_POJ_A_514042: 99,False,,0,,,0,False,PRU_JP_POJ_I_517018,0,POJ_CALLBACK,53ce864c-0bfc-418c-bb2a-9d5476c8921b
+81366349613_SOUDANSHITU_Tokyo,PD_相談室_東京_2,1000,False,PRU_JP_POJ_A_514041:1|30 : PRU_JP_POJ_A_514042: 1| 20 : PRU_JP_POJ_A_514042: 99,False,,0,,,0,False,PRU_JP_POJ_I_517018,0,POJ_CALLBACK,53ce864c-0bfc-418c-bb2a-9d5476c8921b
+81366349616_P_CC_TEST,P_P_CCテスト,1000,True,,False,,0,,,0,False,PRU_JP_POJ_I_517018,0,POJ_CALLBACK,53ce864c-0bfc-418c-bb2a-9d5476c8921b
+81366349617_P_TEST_CCAP_IN,P_P_テスト_CCアプリ_1,1000,True,,False,,0,,,0,False,,0,,53ce864c-0bfc-418c-bb2a-9d5476c8921b
POJ_Default,PRU_POJ_Q,7,True,,False,,0,,,0,False,PRU_JP_POJ_I_517018,0,POJ_CALLBACK,53ce864c-0bfc-418c-bb2a-9d5476c8921b
