key,MINIMUM_DIGITS,MAXIMUM_DIGITS,NUMBER_OF_RETRIES,BARGE_IN_ENABLED,RETRY_MESSAGE_ID,TIMEOUT_MESSAGE_ID,INPUT_TYPE,LPCODE_NUMBER_OF_RETRY,PASSWORD_NUMBER_OF_RETRY
PRU_JP_POJ_I_506018,9,11,1,TRUE,,,MOBILENUMBER,0,0
PRU_JP_POJ_I_506019,9,11,2,TRUE,,,MOBILENUMBER,0,0
PRU_JP_POJ_I_516010,9,11,3,TRUE,,,MOBILENUMBER,0,0
PRU_JP_POJ_I_516017,4,4,3,TRUE,,,PASSWORD,0,3
PRU_JP_POJ_I_516022,1,7,3,TRUE,,,LPCODE,3,0
PRU_JP_POJ_I_516023,1,4,3,TRUE,,,PASSWORD,0,3
PRU_JP_POJ_I_516057,1,4,3,TRUE,,,PASSWORD,0,3
PRU_JP_POJ_I_516071,9,11,1,True,,,MOBILENUMBER,0,0
PRU_JP_POJ_I_516074,1,7,3,TRUE,,,LPCODE,3,0
PRU_JP_POJ_I_516084,1,2,3,TRUE,,,CALLTYPE,0,0
PRU_JP_POJ_I_516085,1,8,1,TRUE,,,LACODE,3,0
PRU_JP_POJ_I_516112,9,11,99,True,,,MOBILENUMBER,0,0
