key,BU,STATE_NAME,STATE_TYPE,SUCCESS_NEXT_STATE_ID,FAILURE_NEXT_STATE_ID,IsPlayUserPrompt,VRT_NUMBER,RETRY_OPTION_DETAILS
1000,POJ,PRU_JP_POJ_A_510009,Prompt,1001,9999,True,0,
1001,POJ,PRU_JP_POJ_A_518002,Prompt,9999,9999,True,0,
1002,POJ,PRU_JP_POJ_A_510009,Prompt,1003,9999,True,0,
1003,POJ,PRU_JP_POJ_A_510006,Prompt,9999,9999,True,0,
1004,POJ,PRU_JP_POJ_A_516050,Prompt,1005,9999,True,0,
1005,POJ,CALL BACK,Transfer,9999,9999,True,0,
1010,POJ,PRU_JP_POJ_A_510009,Prompt,1011,9999,True,0,
1011,POJ,PRU_JP_POJ_A_518005,Prompt,9999,9999,True,0,
1012,POJ,PRU_JP_POJ_A_510009,Prompt,1013,9999,True,0,
1013,POJ,PRU_JP_POJ_A_518002,Prompt,9999,9999,True,0,
1014,POJ,PRU_JP_POJ_A_510009,Prompt,1015,9999,True,0,
1015,POJ,PRU_JP_POJ_A_510006,Prompt,9999,9999,True,0,
1016,POJ,PRU_JP_POJ_A_516050,Prompt,1017,9999,True,0,
1017,POJ,P_HOUJINKAKUNIN_CB_IN,Transfer,9999,9999,True,0,
1020,POJ,PRU_JP_POJ_A_510009,Prompt,1021,9999,True,0,
1021,POJ,PRU_JP_POJ_A_518005,Prompt,9999,9999,True,0,
1022,POJ,PRU_JP_POJ_A_510009,Prompt,1023,9999,True,0,
1023,POJ,PRU_JP_POJ_A_518002,Prompt,9999,9999,True,0,
1024,POJ,PRU_JP_POJ_A_510009,Prompt,1025,9999,True,0,
1025,POJ,PRU_JP_POJ_A_510006,Prompt,9999,9999,True,0,
1026,POJ,PRU_JP_POJ_A_516050,Prompt,1027,9999,True,0,
1027,POJ,P_KOUREISYADOUSEKI_CB_IN,Transfer,9999,9999,True,0,
1030,POJ,PRU_JP_POJ_A_510009,Prompt,1031,9999,True,0,
1031,POJ,PRU_JP_POJ_A_518005,Prompt,9999,9999,True,0,
1032,POJ,PRU_JP_POJ_A_510009,Prompt,1033,9999,True,0,
1033,POJ,PRU_JP_POJ_A_518002,Prompt,9999,9999,True,0,
1034,POJ,PRU_JP_POJ_A_510009,Prompt,1035,9999,True,0,
1035,POJ,PRU_JP_POJ_A_510006,Prompt,9999,999,True,0,
1036,POJ,PRU_JP_POJ_A_516050,Prompt,1037,9999,True,0,
1037,POJ,P_FUKUGYOUSAKIHANBAI_CB_IN,Transfer,9999,9999,True,0,
1040,POJ,PRU_JP_POJ_A_510009,Prompt,1041,9999,True,0,
1041,POJ,PRU_JP_POJ_A_518005,Prompt,9999,9999,True,0,
1042,POJ,PRU_JP_POJ_A_510009,Prompt,1043,9999,True,0,
1043,POJ,PRU_JP_POJ_A_518002,Prompt,9999,9999,True,0,
1044,POJ,PRU_JP_POJ_A_510009,Prompt,1045,9999,True,0,
1045,POJ,PRU_JP_POJ_A_510006,Prompt,9999,9999,True,0,
1046,POJ,PRU_JP_POJ_A_516050,Prompt,1047,9999,True,0,
1047,POJ,P_HITAIMENKAKUNIN_CB_IN,Transfer,9999,9999,True,0,
1050,POJ,PRU_JP_POJ_A_510009,Prompt,1051,9999,True,0,
1051,POJ,PRU_JP_POJ_A_518002,Prompt,9999,9999,True,0,
1052,POJ,PRU_JP_POJ_A_510009,Prompt,1053,9999,True,0,
1053,POJ,PRU_JP_POJ_A_510025,Prompt,9999,9999,True,0,
1054,POJ,PRU_JP_POJ_A_516051,Prompt,1055,9999,True,0,
1055,POJ,HONNINKAKUNIN_CB_SKY,Transfer,,,True,0,
1060,POJ,PRU_JP_POJ_A_510009,Prompt,1061,9999,True,0,
1061,POJ,PRU_JP_POJ_A_518002,Prompt,9999,9999,True,0,
1062,POJ,PRU_JP_POJ_A_510009,Prompt,1063,9999,True,0,
1063,POJ,PRU_JP_POJ_A_510025,Prompt,9999,9999,True,0,
1064,POJ,PRU_JP_POJ_A_516051,Prompt,1065,9999,True,0,
1065,POJ,HONNINKAKUNIN_CB_NAIHEN,Transfer,,,True,0,
1070,POJ,PRU_JP_POJ_A_518008,Prompt,9999,9999,True,0,
1080,POJ,PRU_JP_POJ_A_518012,Prompt,9999,9999,True,0,
1090,POJ,PRU_JP_POJ_A_518013,Prompt,9999,9999,True,0,
1100,POJ,PRU_JP_POJ_A_510009,Prompt,1101,9999,True,0,
1101,POJ,PRU_JP_POJ_A_518002,Prompt,9999,9999,True,0,
1102,POJ,PRU_JP_POJ_A_510009,Prompt,1103,9999,True,0,
1103,POJ,PRU_JP_POJ_A_510015,Prompt,9999,9999,True,0,
1104,POJ,PRU_JP_POJ_A_516099,Prompt,1105,9999,True,0,
1105,POJ,P_HOZENDENWA_SP_IN,Transfer,,,True,0,
1120,POJ,PRU_JP_POJ_A_518002,Prompt,9999,9999,True,0,
1130,POJ,PRU_JP_POJ_A_510009,Prompt,1131,9999,True,0,
1131,POJ,PRU_JP_POJ_A_510017,Prompt,9999,9999,True,0,
1132,POJ,PRU_JP_POJ_A_510009,Prompt,1133,9999,True,0,
1133,POJ,PRU_JP_POJ_A_518016,Prompt,9999,9999,True,0,
1134,POJ,PRU_JP_POJ_A_510009,Prompt,1135,9999,True,0,
1135,POJ,PRU_JP_POJ_A_510031,Prompt,9999,9999,True,0,
1136,POJ,PC_CUSTOMER,Transfer,,,True,0,
1140,POJ,PRU_JP_POJ_A_510009,Prompt,1141,9999,True,0,
1141,POJ,PRU_JP_POJ_A_510029,Prompt,9999,9999,True,0,
1142,POJ,P_KINKYU,Transfer,,,True,0,
1150,POJ,PRU_JP_POJ_A_510009,Prompt,1151,9999,True,0,
1151,POJ,PRU_JP_POJ_A_510017,Prompt,9999,9999,True,0,
1152,POJ,PRU_JP_POJ_A_510009,Prompt,1153,9999,True,0,
1153,POJ,PRU_JP_POJ_A_510010,Prompt,9999,9999,True,0,
1154,POJ,PRU_JP_POJ_A_510009,Prompt,1155,9999,True,0,
1155,POJ,PRU_JP_POJ_A_510001,Prompt,9999,9999,True,0,
1156,POJ,PC_AOBA_CUSTOMER,Transfer,,,True,0,
1160,POJ,PRU_JP_POJ_A_510009,Prompt,1161,9999,True,0,
1161,POJ,PRU_JP_POJ_A_510017,Prompt,9999,9999,True,0,
1162,POJ,PRU_JP_POJ_A_510009,Prompt,1163,9999,True,0,
1163,POJ,PRU_JP_POJ_A_510027,Prompt,9999,9999,True,0,
1164,POJ,PRU_JP_POJ_A_510009,Prompt,1165,9999,True,0,
1165,POJ,PRU_JP_POJ_A_510002,Prompt,9999,9999,True,0,
1166,POJ,PC_SAIKENSYO_CUST,Transfer,,,True,0,
1170,POJ,PRU_JP_POJ_A_510009,Prompt,1171,9999,True,0,
1171,POJ,PRU_JP_POJ_A_510017,Prompt,9999,9999,True,0,
1172,POJ,PRU_JP_POJ_A_510009,Prompt,1173,9999,True,0,
1173,POJ,PRU_JP_POJ_A_510027,Prompt,9999,9999,True,0,
1174,POJ,PRU_JP_POJ_A_510009,Prompt,1175,9999,True,0,
1175,POJ,PRU_JP_POJ_A_510003,Prompt,9999,9999,True,0,
1176,POJ,PC_SHIHARAIHOT_CUST,Transfer,,,True,0,
1180,POJ,PRU_JP_POJ_A_510009,Prompt,1181,9999,True,0,
1181,POJ,PRU_JP_POJ_A_510017,Prompt,9999,9999,True,0,
1182,POJ,PRU_JP_POJ_A_510009,Prompt,1183,9999,True,0,
1183,POJ,PRU_JP_POJ_A_510027,Prompt,9999,9999,True,0,
1184,POJ,PRU_JP_POJ_A_510009,Prompt,1185,9999,True,0,
1185,POJ,PRU_JP_POJ_A_510016,Prompt,9999,,True,0,
1186,POJ,P_My_Number,Transfer,,,True,0,
1190,POJ,PRU_JP_POJ_A_510009,Prompt,1191,9999,True,0,
1191,POJ,PRU_JP_POJ_A_510021,Prompt,9999,9999,True,0,
1192,POJ,PRU_JP_POJ_A_510009,Prompt,1193,9999,True,0,
1193,POJ,PRU_JP_POJ_A_510020,Prompt,9999,9999,True,0,
1194,POJ,VRT-CHECK,ANIListCheck,9999,1195,False,204,
1195,POJ, PC_SHIHARAIHOT_SOUDAN,Transfer,,,True,0,
1200,POJ,PRU_JP_POJ_A_510009,Prompt,1201,9999,True,0,
1201,POJ,PRU_JP_POJ_A_510021,Prompt,9999,9999,True,0,
1202,POJ,PRU_JP_POJ_A_510009,Prompt,1203,9999,True,0,
1203,POJ,PRU_JP_POJ_A_510020,Prompt,9999,9999,True,0,
1204,POJ,VRT-CHECK,ANIListCheck,9999,1205,False,204,
1205,POJ, SOUDANSHITU_Tokyo,Transfer,,,True,0,
1210,POJ,P_TEST_CCAP_IN,Transfer,,,True,0,
2000,POJ,PRU_JP_POJ_A_510009,Prompt,2001,9999,True,0,
2001,POJ,PRU_JP_POJ_A_518005,Prompt,9999,9999,True,0,
2002,POJ,PRU_JP_POJ_A_510009,Prompt,2003,9999,True,0,
2003,POJ,PRU_JP_POJ_A_518002,Prompt,9999,9999,True,0,
2004,POJ,PRU_JP_POJ_A_510009,Prompt,2005,9999,True,0,
2005,POJ,PRU_JP_POJ_A_510006,Prompt,9999,9999,True,0,
2006,POJ,PRU_JP_POJ_A_516052,Prompt,2007,9999,True,0,
2007,POJ,ANILengthCheck,Task,2008,2023,True,0,
2008,POJ,LpCodeByCellPhoneSrch,DataAction,2009,2023|2022,True,0,
2009,POJ,PRU_JP_POJ_I_516057,Input,2010,2024,True,0,
2010,POJ,LpAuthentication,DataAction,2011,2030|2022,True,0,PRU_JP_POJ_A_516002:3:2030:2029
2011,POJ,PRU_JP_POJ_M_516058,Menu,2012:2013:2014:2015:2016,2025,True,0,
2012,POJ,PRU_JP_POJ_A_516063,Prompt,2017,9999,True,0,
2013,POJ,PRU_JP_POJ_A_516063,Prompt,2018,9999,True,0,
2014,POJ,PRU_JP_POJ_A_516063,Prompt,2019,9999,True,0,
2015,POJ,PRU_JP_POJ_A_516063,Prompt,2020,9999,True,0,
2016,POJ,PRU_JP_POJ_A_516063,Prompt,2021,9999,True,0,
2017,POJ,LP_SP_MENU_1,Transfer,,,True,0,
2018,POJ,LP_SP_MENU_3,Transfer,,,True,0,
2019,POJ,LP_SP_MENU_4,Transfer,,,True,0,
2020,POJ,LP_SP_MENU_7,Transfer,,,True,0,
2021,POJ,LP_SP_MENU_8,Transfer,,,True,0,
2022,POJ,PRU_JP_POJ_A_516062,Prompt,2027,9999,True,0,
2023,POJ,PRU_JP_POJ_I_516074,Input,2009,2024,True,0,
2024,POJ,PRU_JP_POJ_A_516056,Prompt,9999,9999,True,0,
2025,POJ,PRU_JP_POJ_A_516063,Prompt,2026,9999,True,0,
2026,POJ,LP_SP_TIMEOUT,Transfer,,,True,0,
2027,POJ,LP_SP_DB_FAIL,Transfer,,,True,0,
2028,POJ,PRU_JP_POJ_A_516059,Prompt,2025,9999,True,0,
2029,POJ,PRU_JP_POJ_A_516073,Prompt,9999,9999,True,0,
2030,POJ,PRU_JP_POJ_A_516072,Prompt,2023,9999,True,0,
2100,POJ,PRU_JP_POJ_A_516038,Prompt,2101,9999,True,0,
2101,POJ,ANILengthCheck,Task,2102,2111,False,0,
2102,POJ,LpCodeByCellPhoneSrch,DataAction,2103,2111|2115,True,0,
2103,POJ,PRU_JP_POJ_I_516023,Input,2104,2112,True,0,
2104,POJ,LpAuthentication,DataAction,2105,2110|2115,True,0,PRU_JP_POJ_A_516036:3:2111:2029
2105,POJ,PRU_JP_POJ_M_516039,Menu,2106:2107:2108:2109,2105,True,0,
2106,POJ,PL_MGRHD_MENU_1,Transfer,,,True,0,
2107,POJ,PL_MGRHD_MENU_2,Transfer,,,True,0,
2108,POJ,PL_MGRHD_MENU_3,Transfer,,,True,0,
2109,POJ,PL_MGRHD_MENU_4,Transfer,,,True,0,
2110,POJ,PRU_JP_POJ_A_516036,Prompt,2111,9999,True,0,
2111,POJ,PRU_JP_POJ_I_516022,Input,2103,2112,True,0,
2112,POJ,PRU_JP_POJ_A_516009,Prompt,9999,9999,True,0,
2113,POJ,PRU_JP_POJ_A_510009,Prompt,2114,9999,True,0,
2114,POJ,PRU_JP_POJ_A_510012,Prompt,9999,9999,True,0,
2115,POJ,PRU_JP_POJ_A_516093,Prompt,2116,9999,True,0,
2116,POJ,PL_MGRHD_DB_FAIL,Transfer,,,True,0,
2200,POJ,PRU_JP_POJ_A_516046,Prompt,2204,9999,True,0,
2201,POJ,PRU_JP_POJ_M_516103,Menu,2216,2201,True,0,
2202,POJ,PRU_JP_POJ_A_510009,Prompt,2203,9999,True,0,
2203,POJ,PRU_JP_POJ_A_510012,Prompt,9999,9999,True,0,
2204,POJ,ANILengthCheck,Task,2205,2207,False,0,
2205,POJ,LpCodeByCellPhoneSrch,DataAction,2206,2207|2224,True,0,
2206,POJ,PRU_JP_POJ_I_516023,Input,2208,2223,True,0,
2207,POJ,PRU_JP_POJ_I_516022,Input,2206,2223,True,0,
2208,POJ,LpAuthentication,DataAction,2209,2212|2224,True,0,PRU_JP_POJ_A_516036:3:2207:2029
2209,POJ,PRU_JP_POJ_M_516045,Menu,2213:2214,2209,True,0,
2210,POJ,PRU_JP_POJ_A_516093,Prompt,2213,9999,True,0,
2211,POJ,PRU_JP_POJ_A_516093,Prompt,2214,9999,True,0,
2212,POJ,PRU_JP_POJ_A_516036,Prompt,2207,9999,True,0,
2213,POJ,PL_HZNDW_MENU_1,Transfer,,,True,0,
2214,POJ,PL_HZNDW_MENU_2,Transfer,,,True,0,
2215,POJ,Schedule-M9-11.30,Task,2201,2200,False,0,
2216,POJ,ANILengthCheck,Task,2217,2218,False,0,
2217,POJ,LpCodeByCellPhoneSrch,DataAction,2219,2218|2224,False,0,
2218,POJ,PRU_JP_POJ_I_516022,Input,2219,2223,True,0,
2219,POJ,PRU_JP_POJ_I_516023,Input,2220,2223,True,0,
2220,POJ,LpAuthentication,DataAction,2221,2226|2224,True,0,PRU_JP_POJ_A_516036:3:2218:2029
2221,POJ,PL_HZNDW,Transfer,,,True,0,
2223,POJ,PRU_JP_POJ_A_516009,Prompt,9999,9999,True,0,
2224,POJ,PRU_JP_POJ_A_516005,Prompt,2225,9999,True,0,
2225,POJ,PL_HZNDW_DB_FAIL,Transfer,,,True,0,
2226,POJ,PRU_JP_POJ_A_516036,Prompt,2218,9999,True,0,
3000,POJ,PRU_JP_POJ_A_516049,Prompt,3001,,True,0,
3001,POJ,PRU_JP_POJ_I_516074,Input,3002,3005,True,0,
3002,POJ,PRU_JP_POJ_I_516057,Input,3003,3005,True,0,
3003,POJ,PRU_JP_POJ_A_516062,Prompt,3004,,True,0,
3004,POJ,P_KENSHUU,Transfer,,,True,0,
3005,POJ,PRU_JP_POJ_A_516056,Prompt,9999,,True,0,
3100,POJ,PRU_JP_POJ_I_516084,Input,3101,3100,True,0,
3101,POJ,PRU_JP_POJ_I_516085,Input,3102,3102,True,0,
3102,POJ,P_CC_TEST,Transfer,,,True,0,
4000,POJ,Determine_LP,Task,4101:4201:4301:4401:4500:4601:4701,9999,False,0,
4100,POJ,PRU_JP_POJ_A_516002,Prompt,4101,9999,True,0,
4101,POJ,ANILengthCheck,Task,4102,4103,True,0,
4102,POJ,LpCodeByCellPhoneSrch,DataAction,4104,4103|4137,True,0,
4103,POJ,PRU_JP_POJ_I_516022,Input,4104,4106,True,0,
4104,POJ,PRU_JP_POJ_I_516023,Input,4105,4106,True,0,
4105,POJ,LpAuthentication,DataAction,4107,4108|4137,True,0,PRU_JP_POJ_A_516036:3:4103:2029
4106,POJ,PRU_JP_POJ_A_516009,Prompt,9999,9999,True,0,
4107,POJ,PRU_JP_POJ_M_516066,Menu,4109:4110:4111:4112:4113:4114,4107,True,0,
4108,POJ,PRU_JP_POJ_A_516036,Prompt,4103,4106,True,0,
4109,POJ,PRU_JP_POJ_M_516033,Menu,4115:4116:4117:4118,4109,True,0,
4110,POJ,PRU_JP_POJ_A_516048,Prompt,9999,9999,True,0,
4111,POJ,PRU_JP_POJ_A_510012_1,Prompt,9999,9999,True,0,
4112,POJ,PRU_JP_POJ_A_516040,Prompt,9999,9999,True,0,
4113,POJ,ANILengthCheck,Task,4120,4121,True,0,
4114,POJ,LPSD1_MENU_9,Transfer,,,True,0,
4115,POJ,LPSD1_MENU_1_1,Transfer,,,True,0,
4116,POJ,LPSD1_MENU_1_2,Transfer,,,True,0,
4117,POJ,LPSD1_MENU_1_3,Transfer,,,True,0,
4118,POJ,LPSD1_MENU_1_4,Transfer,,,True,0,
4119,POJ,LPSD1_MENU_7_DB_FAIL,Transfer,,,True,0,
4120,POJ,PRU_JP_POJ_M_516008,Menu,4122:4123,4120,True,0,
4121,POJ,PRU_JP_POJ_A_516037,Prompt,4107,9999,True,0,
4122,POJ,PRU_JP_POJ_I_516010,Input,4124,4122,True,0,
4123,POJ,PRU_JP_POJ_I_516017,Input,4130,4123,True,0,
4124,POJ,PRU_JP_POJ_A_516011,Prompt,4125,9999,True,0,
4125,POJ,PRU_JP_POJ_M_516012,Menu,4126:4122,4122,True,0,
4126,POJ,UpdateCellPhoneSrch,DataAction,4127,4128,True,0,
4127,POJ,PRU_JP_POJ_A_516013,Prompt,4129,9999,True,0,
4128,POJ,PRU_JP_POJ_A_516005,Prompt,4119,9999,True,0,
4129,POJ,PRU_JP_POJ_A_516021,Prompt,9999,9999,True,0,
4130,POJ,PRU_JP_POJ_A_516018,Prompt,4131,9999,True,0,
4131,POJ,PRU_JP_POJ_M_516019,Menu,4132:4123,4123,True,0,
4132,POJ,UpdateLpPassword,DataAction,4133,4134,True,0,
4133,POJ,PRU_JP_POJ_A_516020,Prompt,4135,9999,True,0,
4134,POJ,PRU_JP_POJ_A_516005,Prompt,4136,9999,True,0,
4135,POJ,PRU_JP_POJ_A_516021,Prompt,9999,9999,True,0,
4136,POJ,LPSD1_MENU_7_DB_FAIL,Transfer,,,True,0,
4137,POJ,PRU_JP_POJ_A_516005,Prompt,4138,9999,True,0,
4138,POJ,LPSD1_DB_ERROR,Transfer,,,True,0,
4200,POJ,PRU_JP_POJ_A_516002,Prompt,4201,,True,0,
4201,POJ,ANILengthCheck,Task,4202,4205,True,0,
4202,POJ,LpCodeByCellPhoneSrch,DataAction,4203,4205|4230,True,0,
4203,POJ,PRU_JP_POJ_I_516023,Input,4204,4206,True,0,
4204,POJ,LpAuthentication,DataAction,4207,4232|4230,True,0,PRU_JP_POJ_A_516036:3:4205:2029
4205,POJ,PRU_JP_POJ_I_516022,Input,4203,4206,True,0,
4206,POJ,PRU_JP_POJ_A_516009,Prompt,9999,,True,0,
4207,POJ,PRU_JP_POJ_M_516095,Menu,4208:4209:4210:4211:4212:4229,4207,True,0,
4208,POJ,PRU_JP_POJ_A_516094,Prompt,9999,,True,0,
4209,POJ,PRU_JP_POJ_A_516048,Prompt,9999,,True,0,
4210,POJ,PRU_JP_POJ_A_516094,Prompt,9999,,True,0,
4211,POJ,PRU_JP_POJ_A_516040,Prompt,9999,,True,0,
4212,POJ,ANILengthCheck,Task,4214,4213,True,0,
4213,POJ,PRU_JP_POJ_A_516037,Prompt,4207,,True,0,
4214,POJ,PRU_JP_POJ_M_516008,Menu,4215:4223,4214,True,0,
4215,POJ,PRU_JP_POJ_I_516010,Input,4216,4215,True,0,
4216,POJ,PRU_JP_POJ_A_516011,Prompt,4217,,True,0,
4217,POJ,PRU_JP_POJ_M_516012,Menu,4218:4215,4215,True,0,
4218,POJ,UpdateCellPhoneSrch,DataAction,4219,4221,True,0,
4219,POJ,PRU_JP_POJ_A_516013,Prompt,4220,,True,0,
4220,POJ,PRU_JP_POJ_A_516021,Prompt,9999,,True,0,
4221,POJ,PRU_JP_POJ_A_516005,Prompt,4222,,True,0,
4222,POJ,LPSD2_MENU_7_DB_FAIL,Transfer,,,True,0,
4223,POJ,PRU_JP_POJ_I_516017,Input,4224,4223,True,0,
4224,POJ,PRU_JP_POJ_A_516018,Prompt,4225,,True,0,
4225,POJ,PRU_JP_POJ_M_516019,Menu,4226:4223,4223,True,0,
4226,POJ,UpdateLpPassword,DataAction,4227,4221,True,0,
4227,POJ,PRU_JP_POJ_A_516020,Prompt,4228,,True,0,
4228,POJ,PRU_JP_POJ_A_516021,Prompt,9999,,True,0,
4229,POJ,LPSD2_MENU_9,Transfer,,,True,0,
4230,POJ,PRU_JP_POJ_A_516096,Prompt,4231,,True,0,
4231,POJ,PRU_JP_POJ_A_516009,Prompt,9999,,True,0,
4232,POJ,PRU_JP_POJ_A_516036,Prompt,4205,,True,0,
4300,POJ,PRU_JP_POJ_A_516002,Prompt,4301,,True,0,
4301,POJ,ANILengthCheck,Task,4302,4305,True,0,
4302,POJ,LpCodeByCellPhoneSrch,DataAction,4303,4305|4330,False,0,
4303,POJ,PRU_JP_POJ_I_516023,Input,4304,4306,True,0,
4304,POJ,LpAuthentication,DataAction,4307,4332|4330,True,0,PRU_JP_POJ_A_516036:3:4305:2029
4305,POJ,PRU_JP_POJ_I_516022,Input,4303,4306,True,0,
4306,POJ,PRU_JP_POJ_A_516009,Prompt,9999,,True,0,
4307,POJ,PRU_JP_POJ_M_516098,Menu,4308:4309:4310:4311:4312:4329,4307,True,0,
4308,POJ,PRU_JP_POJ_A_516094,Prompt,9999,,True,0,
4309,POJ,LPSD3_MENU_3,Transfer,,,True,0,
4310,POJ,PRU_JP_POJ_A_516094,Prompt,9999,,True,0,
4311,POJ,LPSD3_MENU_6,Transfer,,,True,0,
4312,POJ,ANILengthCheck,Task,4314,4313,False,0,
4313,POJ,PRU_JP_POJ_A_516037,Prompt,4307,,True,0,
4314,POJ,PRU_JP_POJ_M_516008,Menu,4315:4323,4314,True,0,
4315,POJ,PRU_JP_POJ_I_516010,Input,4316,4315,True,0,
4316,POJ,PRU_JP_POJ_A_516011,Prompt,4317,,True,0,
4317,POJ,PRU_JP_POJ_M_516012,Menu,4318:4315,4315,True,0,
4318,POJ,UpdateCellPhoneSrch,DataAction,4319,4321,False,0,
4319,POJ,PRU_JP_POJ_A_516013,Prompt,4320,,True,0,
4320,POJ,PRU_JP_POJ_A_516021,Prompt,9999,,True,0,
4321,POJ,PRU_JP_POJ_A_516005,Prompt,4322,,True,0,
4322,POJ,LPSD3_MENU_7_DB_FAIL,Transfer,,,True,0,
4323,POJ,PRU_JP_POJ_I_516017,Input,4324,4323,True,0,
4324,POJ,PRU_JP_POJ_A_516018,Prompt,4325,,True,0,
4325,POJ,PRU_JP_POJ_M_516019,Menu,4326:4323,4323,True,0,
4326,POJ,UpdateLpPassword,DataAction,4327,4321,False,0,
4327,POJ,PRU_JP_POJ_A_516020,Prompt,4328,,True,0,
4328,POJ,PRU_JP_POJ_A_516021,Prompt,9999,,True,0,
4329,POJ,LPSD3_MENU_9,Transfer,,,True,0,
4330,POJ,PRU_JP_POJ_A_516096,Prompt,4331,,True,0,
4331,POJ,PRU_JP_POJ_A_516009,Prompt,9999,,True,0,
4332,POJ,PRU_JP_POJ_A_516036,Prompt,4305,,True,0,
4400,POJ,PRU_JP_POJ_A_516002,Prompt,4401,9999,True,0,
4401,POJ,ANILengthCheck,Task,4402,4403,True,0,
4402,POJ,LpCodeByCellPhoneSrch,DataAction,4404,4403|4436,True,0,
4403,POJ,PRU_JP_POJ_I_516022,Input,4404,4406,True,0,
4404,POJ,PRU_JP_POJ_I_516023,Input,4405,4406,True,0,
4405,POJ,LpAuthentication,DataAction,4407,4408|4436,True,0,PRU_JP_POJ_A_516036:3:4403:2029
4406,POJ,PRU_JP_POJ_A_516009,Prompt,9999,9999,True,0,
4407,POJ,PRU_JP_POJ_M_516067,Menu,4409:4410:4411:4412:4413:4414,4407,True,0,
4408,POJ,PRU_JP_POJ_A_516036,Prompt,4403,4406,True,0,
4409,POJ,PRU_JP_POJ_M_516033,Menu,4415:4416:4417:4418,4409,True,0,
4410,POJ,LPSD4_MENU_3,Transfer,,,True,0,
4411,POJ,LPSD4_MENU_4,Transfer,,,True,0,
4412,POJ,LPSD4_MENU_6,Transfer,,,True,0,
4413,POJ,ANILengthCheck,Task,4420,4421,True,0,
4414,POJ,LPSD4_MENU_9,Transfer,,,True,0,
4415,POJ,LPSD4_MENU_1_1,Transfer,,,True,0,
4416,POJ,LPSD4_MENU_1_2,Transfer,,,True,0,
4417,POJ,LPSD4_MENU_1_3,Transfer,,,True,0,
4418,POJ,LPSD4_MENU_1_4,Transfer,,,True,0,
4419,POJ,LPSD4_MENU_7_DB_FAIL,Transfer,,,True,0,
4420,POJ,PRU_JP_POJ_M_516008,Menu,4422:4423,4420,True,0,
4421,POJ,PRU_JP_POJ_A_516037,Prompt,4407,9999,True,0,
4422,POJ,PRU_JP_POJ_I_516010,Input,4424,4422,True,0,
4423,POJ,PRU_JP_POJ_I_516017,Input,4430,4423,True,0,
4424,POJ,PRU_JP_POJ_A_516011,Prompt,4425,9999,True,0,
4425,POJ,PRU_JP_POJ_M_516012,Menu,4426:4422,4422,True,0,
4426,POJ,UpdateCellPhoneSrch,DataAction,4427,4428,True,0,
4427,POJ,PRU_JP_POJ_A_516013,Prompt,4429,9999,True,0,
4428,POJ,PRU_JP_POJ_A_516005,Prompt,4419,9999,True,0,
4429,POJ,PRU_JP_POJ_A_516021,Prompt,9999,9999,True,0,
4430,POJ,PRU_JP_POJ_A_516018,Prompt,4431,9999,True,0,
4431,POJ,PRU_JP_POJ_M_516019,Menu,4432:4423,4423,True,0,
4432,POJ,UpdateLpPassword,DataAction,4433,4434,True,0,
4433,POJ,PRU_JP_POJ_A_516020,Prompt,4435,9999,True,0,
4434,POJ,PRU_JP_POJ_A_516005,Prompt,4419,9999,True,0,
4435,POJ,PRU_JP_POJ_A_516021,Prompt,9999,9999,True,0,
4436,POJ,PRU_JP_POJ_A_516005,Prompt,4437,9999,True,0,
4437,POJ,LPSD4_DB_ERROR,Transfer,,,True,0,
4500,POJ,PRU_JP_POJ_A_510023,Prompt,9999,9999,True,0,
4600,POJ,PRU_JP_POJ_A_516002,Prompt,4601,9999,True,0,
4601,POJ,ANILengthCheck,Task,4602,4603,False,0,
4602,POJ,LpCodeByCellPhoneSrch,DataAction,4604,4603|4606,False,0,
4603,POJ,PRU_JP_POJ_I_516022,Input,4604,4630,True,0,
4604,POJ,PRU_JP_POJ_I_516023,Input,4605,4630,True,0,
4605,POJ,LpAuthentication,DataAction,4607,4631|4606,True,0,PRU_JP_POJ_A_516036:3:4603:2029
4606,POJ,PRU_JP_POJ_A_516096,Prompt,4630,9999,True,0,
4607,POJ,PRU_JP_POJ_M_106135,Menu,4610:4609:4610:4611:4612:4613,4607,True,0,
4608,POJ,LPSD6_MENU_1,Transfer,,,True,0,
4609,POJ,PRU_JP_POJ_A_516048,Prompt,9999,9999,True,0,
4610,POJ,PRU_JP_POJ_A_516094,Prompt,9999,9999,True,0,
4611,POJ,PRU_JP_POJ_A_516040,Prompt,9999,9999,True,0,
4612,POJ,ANILengthCheck,Task,4614,4615,False,0,
4613,POJ,PRU_JP_POJ_A_510023,Prompt,9999,9999,True,0,
4614,POJ,PRU_JP_POJ_M_516008,Menu,4616:4617,4614,True,0,
4615,POJ,PRU_JP_POJ_A_516037,Prompt,4607,9999,True,0,
4616,POJ,PRU_JP_POJ_I_516010,Input,4618,4616,True,0,
4617,POJ,PRU_JP_POJ_I_516017,Input,4625,4617,True,0,
4618,POJ,PRU_JP_POJ_A_516011,Prompt,4619,9999,True,0,
4619,POJ,PRU_JP_POJ_M_516012,Menu,4620:4616,4616,True,0,
4620,POJ,UpdateCellPhoneSrch,DataAction,4622,4621,False,0,
4621,POJ,PRU_JP_POJ_A_516093,Prompt,4624,9999,True,0,
4622,POJ,PRU_JP_POJ_A_516013,Prompt,4623,9999,True,0,
4623,POJ,PRU_JP_POJ_A_516021,Prompt,9999,9999,True,0,
4624,POJ,LPSD6_MENU_7_DB_FAIL,Transfer,,,True,0,
4625,POJ,PRU_JP_POJ_A_516018,Prompt,4626,9999,True,0,
4626,POJ,PRU_JP_POJ_M_516019,Menu,4627:4617,4617,True,0,
4627,POJ,UpdateLpPassword,DataAction,4628,4621,False,0,
4628,POJ,PRU_JP_POJ_A_516020,Prompt,4629,9999,True,0,
4629,POJ,PRU_JP_POJ_A_516021,Prompt,9999,9999,True,0,
4630,POJ,PRU_JP_POJ_A_516009,Prompt,9999,9999,True,0,
4631,POJ,PRU_JP_POJ_A_516036,Prompt,4603,4630,True,0,
4700,POJ,PRU_JP_POJ_A_516002,Prompt,4701,9999,True,0,
4701,POJ,ANILengthCheck,Task,4702,4705,True,0,
4702,POJ,LpCodeByCellPhoneSrch,DataAction,4703,4705|4731,True,0,
4703,POJ,PRU_JP_POJ_I_516023,Input,4704,4706,True,0,
4704,POJ,LpAuthentication,DataAction,4707,4730|4731,True,0,PRU_JP_POJ_A_516036:3:4705:2029
4705,POJ,PRU_JP_POJ_I_516022,Input,4703,4706,True,0,
4706,POJ,PRU_JP_POJ_A_516009,Prompt,9999,9999,True,0,
4707,POJ,PRU_JP_POJ_M_516095,Menu,4708:4709:4710:4711:4712:4729,4707,True,0,
4708,POJ,PRU_JP_POJ_A_516094,Prompt,9999,9999,True,0,
4709,POJ,PRU_JP_POJ_A_516094,Prompt,9999,9999,True,0,
4710,POJ,PRU_JP_POJ_A_516094,Prompt,9999,9999,True,0,
4711,POJ,PRU_JP_POJ_A_516094,Prompt,9999,9999,True,0,
4712,POJ,ANILengthCheck,Task,4714,4713,True,0,
4713,POJ,PRU_JP_POJ_A_516037,Prompt,4707,9999,True,0,
4714,POJ,PRU_JP_POJ_M_516008,Menu,4715:4723,4714,True,0,
4715,POJ,PRU_JP_POJ_I_516010,Input,4716,4715,True,0,
4716,POJ,PRU_JP_POJ_A_516011,Prompt,4717,,True,0,
4717,POJ,PRU_JP_POJ_M_516012,Menu,4718:4715,4715,True,0,
4718,POJ,UpdateCellPhoneSrch,DataAction,4719,4721,True,0,
4719,POJ,PRU_JP_POJ_A_516013,Prompt,4720,9999,True,0,
4720,POJ,PRU_JP_POJ_A_516021,Prompt,9999,9999,True,0,
4721,POJ,PRU_JP_POJ_A_516005,Prompt,4722,9999,True,0,
4722,POJ,LPSD7_MENU_7_DB_FAIL,Transfer,,,True,0,
4723,POJ,PRU_JP_POJ_I_516017,Input,4724,4723,True,0,
4724,POJ,PRU_JP_POJ_A_516018,Prompt,4725,9999,True,0,
4725,POJ,PRU_JP_POJ_M_516019,Menu,4726:4723,4723,True,0,
4726,POJ,UpdateLpPassword,DataAction,4727,4721,True,0,
4727,POJ,PRU_JP_POJ_A_516020,Prompt,4728,9999,True,0,
4728,POJ,PRU_JP_POJ_A_516021,Prompt,9999,9999,True,0,
4729,POJ,LPSD7_MENU_9,Transfer,,,True,0,
4730,POJ,PRU_JP_POJ_A_516036,Prompt,4705,4706,True,0,
4731,POJ,PRU_JP_POJ_A_516096,Prompt,4732,9999,True,0,
4732,POJ,PRU_JP_POJ_A_516009,Prompt,9999,,True,0,
5000,POJ,VRT-CHECK,ANIListCheck,5001,9999,False,202,
5001,POJ,PRU_JP_POJ_I_516112,Input,5002,9999,True,0,
5002,POJ,P_HONNINKAKUNIN_OB_SKY,Outbound,9999,,True,0,
5003,POJ,PRU_JP_POJ_A_506020,Prompt,9999,9999,True,0,
5100,POJ,VRT-CHECK,ANIListCheck,5101,9999,False,203,
5101,POJ,PRU_JP_POJ_I_516112,Input,5102,9999,True,0,
5102,POJ,P_HONNINKAKUNIN_OB_NAIHEN,Outbound,8888,,True,0,
5103,POJ,PRU_JP_POJ_A_506020,Prompt,9999,9999,True,0,
5200,POJ,VRT-CHECK,ANIListCheck,5201,9999,True,201,
5201,POJ,PRU_JP_POJ_I_516071,Input,5202,9999,True,0,
5202,POJ,P_SHIHARAISATEI_OUT,Outbound,8888,,True,0,
5203,POJ,PRU_JP_POJ_A_506020,Prompt,9999,9999,True,0,
7777,POJ,PRU_JP_POJ_A_510023,Prompt,9999,9999,True,0,
9999,POJ,Disconnect,Disconnect,,,False,0,
