key,MENU_OPTIONS,RETRY_MAX_COUNT,BARGE_IN_ENABLED,RETRY_MESSAGE_ID,TIMEOUT_MESSAGE_ID
PRU_JP_POJ_M_106135,1:3:4:6:7:9,3,TRUE,,
PRU_JP_POJ_M_516008,1:2,3,TRUE,,
PRU_JP_POJ_M_516012,1:2,1,TRUE,,
PRU_JP_POJ_M_516019,1:2,1,TRUE,,
PRU_JP_POJ_M_516033,1:2:3:4,3,TRUE,,
PRU_JP_POJ_M_516039,1:2:3:4,3,TRUE,,
PRU_JP_POJ_M_516045,1:2,3,TRUE,,
PRU_JP_POJ_M_516058,1:3:4:7:8,3,TRUE,PRU_JP_POJ_A_516059,PRU_JP_POJ_A_516059
PRU_JP_POJ_M_516066,1:3:4:6:7:9,3,TRUE,,
PRU_JP_POJ_M_516067,1:3:4:6:7:9,3,TRUE,,
PRU_JP_POJ_M_516095,1:3:4:6:7:9,3,TRUE,,
PRU_JP_POJ_M_516098,1:3:4:6:7:9,3,TRUE,,
PRU_JP_POJ_M_516103,3,3,TRUE,,PRU_JP_POJ_A_516104|9999
PRU_JP_POJ_M_516110,1:3:4:6:7:9,3,TRUE,,
