key,BU,BUSINESS_NAME,BUSINESS_NAME_JP,HOO_PATTERN,FLOW_TYPE,INITIAL_STATE_ID,CLOSED_STATE_ID,HOLIDAY_STATE_ID,EMERGENCY_STATE_ID,EMERGENCY_GROUP,AFTER_HOO,Environment_Flag
+81366347962,POJ,LP_SP,LP_SP,SG_POJ_Everyday09:00_21:00,AttestLPCode,2006,2005,2003,2001,POJ_Emergency_YearEndHoliday,False,STAGE
+81366347963,POJ,P_HITAIMENKAKUNIN_CB_IN,非対面確認コールバック,SG_POJ_Everyday09:00_21:00,Direct,1046,1045,1043,1041,POJ_Emergency_YearEndHoliday,False,STAGE
+81366347964,POJ,P_HOUJINKAKUNIN_CB_IN,法人税制コールバック,SG_POJ_Everyday09:00_21:00,Direct,1016,1015,1013,1011,POJ_Emergency_YearEndHoliday,False,STAGE
+81366347965,POJ,P_KOUREISYADOUSEKI_CB_IN,高齢者コールバック,SG_POJ_Everyday09:00_21:00,Direct,1026,1025,1023,1101,POJ_Emergency_YearEndHoliday,False,STAGE
+81366347966,POJ,P_FUKUGYOUSAKIHANBAI_CB_IN,副業先販売コールバック,SG_POJ_Everyday09:00_21:00,Direct,1036,1035,1033,1031,POJ_Emergency_YearEndHoliday,False,STAGE
+81366347967,POJ,CALL BACK,コールバック,SG_POJ_Everyday09:00_21:00,Direct,1004,1003,1001,1001,POJ_Emergency_YearEndHoliday,False,STAGE
+81366347968,POJ,Honninkakunin_CB_SKY,本人確認コールバック（新契約事務）,SG_POJ_Weekdays_10:00_18:00,Direct,1054,1053,1051,1053,POJ_Emergency_YearEndHoliday,False,STAGE
+81366347969,POJ,P_HONNINKAKUNIN_OB_SKY,本人確認アウトバウンド（新契約事務）,SG_POJ_OPEN24,Outbound,5000,,,,,False,STAGE
+81366347970,POJ,HONNINKAKUNIN_CB_NAIHEN,本人確認コールバック（内容変更第一）,SG_POJ_Weekdays_10:00_18:00,Direct,1064,1063,1061,1061,POJ_Emergency_YearEndHoliday,False,STAGE
+81366348004,POJ,P_HONNINKAKUNIN_OB_NAIHEN,本人確認アウトバウンド（内容変更第一）,SG_POJ_OPEN24,Outbound,5100,,,,,False,STAGE
+81366348018,POJ,P_SHINKIN_OUT,信用金庫照会アウトバウンド,SG_POJ_OPEN24,Direct,1070,,,,,False,STAGE
+81366348236,POJ,P_SOUKI_KAIYAKU_SUMI,早期失効・解約・払済,SG_POJ_OPEN24,Direct,1080,,,,,False,STAGE
+81366348260,POJ,P_JUSHOKAKUNIN_SOUDANSHITU,新規加入者住所確認-相談室,SG_POJ_OPEN24,Direct,1090,,,,,False,STAGE
+81366348261,POJ,P_HOZENDENWA_SP_IN,保全電話（SP）,SG_POJ_Everyday09:00-19:00,Direct,1104,1103,1101,1101,POJ_Emergency_YearEndHoliday,False,STAGE
+81366348268,POJ,P_KENSHUU,P_研修_1,SG_POJ_OPEN24,TwoStepMenue,3000,,,,,False,STAGE
+81366348344,POJ,P_NENMATSUNENSHI_SYS,年末年始、システムメンテナンス（POJ SP),SG_POJ_OPEN24,Direct,1120,,,,,False,STAGE
+81366348383,POJ,LP SD,LP SD,,LP-Incoming,4000,,,,,False,STAGE
+81366348384,POJ,PL_MGRHD,ログインヘルプデスク,SG_POJ_Everyday09:00-19:00,AttestLPCode,2100,2114,2114,,,False,STAGE
+81366348385,POJ,PL_HZNDW,保全電話,SG_POJ_Everyday09:00-19:00_Monday09:30-11:00,AttestLPCode,2215,2203,2203,,,False,STAGE
+81366348386,POJ,P_SHIHARAISATEI_OUT,支払査定OUT用,SG_POJ_OPEN24,Outbound,5200,,,,,False,STAGE
+81366348399,POJ,PC_CUSTOMER,お客様,SG_POJ_Weekdays9:00-18.00_Others9:00-17:00,Direct,1136,1135,1133,1131,POJ_Emergency_YearEndHoliday,False,STAGE
+81366348410,POJ,P_KINKYU,緊急回線,SG_POJ_Open_SelectHolidays,Direct,1142,1141,1141,1142,POJ_Emergency_YearEndHoliday,False,STAGE
+81366348734,POJ,PC_AOBA_CUSTOMER,旧あおば契約お客様用FD,SG_POJ_Weekdays9:00-18.00_Others9:00-17:00,Direct,1156,1155,1153,1151,POJ_Emergency_YearEndHoliday,False,STAGE
+81366348739,POJ,PC_SAIKENSYO_CUST,緊急用お客様回線(再検証）,SG_POJ_Weekdays_09:00_17:00,Direct,1166,1165,1163,1161,POJ_Emergency_YearEndHoliday,False,STAGE
+81366349222,POJ,PC_SHIHARAIHOT_CUST,支払い２（支払関連問い合わせ）,SG_POJ_Weekdays_09:00_17:00,Direct,1176,1175,1173,1171,POJ_Emergency_YearEndHoliday,False,STAGE
+81366349228,POJ,P_My_Number,マイナンバー,SG_POJ_Weekdays_09:00_17:00,Direct,1186,1185,1183,1181,POJ_Emergency_YearEndHoliday,False,STAGE
+81366349612,POJ,PC_SHIHARAIHOT_SOUDAN,支払いホットライン,SG_POJ_Weekdays_09:00_17:00,Direct,1194,1193,1191,1191,POJ_Emergency_YearEndHoliday,False,STAGE
+81366349613,POJ,SOUDANSHITU_Tokyo,相談室_東京,SG_POJ_Weekdays_09:00_17:00,Direct,1204,1203,1201,,,False,STAGE
+81366349616,POJ,P_CC_TEST,P_CCテスト用,SG_POJ_OPEN24,TwoStepMenue,3100,,,,,False,STAGE
+81366349617,POJ,P_TEST_CCAP_IN,テスト用（CCアプリ）,SG_POJ_OPEN24,Direct,1210,,,,,False,STAGE
