key,INFO
+81366347962_LP_SP_DB_FAIL,Skill: PS_P_LPSP_エラー | Whisper : PRU_JP_POJ_W_519002
+81366347962_LP_SP_MENU_1,Skill: PS_LP_SP_インバウンド_IVR | Whisper : PRU_JP_POJ_W_519005
+81366347962_LP_SP_MENU_3,Skill: PS_P_LPSP_問い合わせ | Whisper : PRU_JP_POJ_W_519003
+81366347962_LP_SP_MENU_4,Skill: PS_P_LP_SP_法人確認 | Whisper : PRU_JP_POJ_W_519010
+81366347962_LP_SP_MENU_7,Skill: PS_P_LP_SP_非対面確認 | Whisper : PRU_JP_POJ_W_519016
+81366347962_LP_SP_MENU_8,Skill: PS_P_LP_SP_副業先販売 | Whisper : PRU_JP_POJ_W_519013
+81366347962_LP_SP_TIMEOUT,Skill: PS_P_LPSP | Whisper : PRU_JP_POJ_W_519001
+81366347963_P_HITAIMENKAKUNIN_CB_IN,Skill: PS_P_LP_SP_非対面確認コールバック | Whisper : PRU_JP_POJ_W_519017
+81366347964_P_HOUJINKAKUNIN_CB_IN,Skill: PS_P_法人確認コールバック| Whisper : PRU_JP_POJ_W_519011
+81366347965_P_KOUREISYADOUSEKI_CB_IN,Skill: PS_P_高齢者同席コールバック| Whisper : PRU_JP_POJ_W_519014
+81366347966_P_FUKUGYOUSAKIHANBAI_CB_IN,Skill: PS_P_副業先販売コールバック| Whisper : PRU_JP_POJ_W_519015
+81366347967_CALL BACK,Skill: PS_コールバック_IVR  | Whisper : PRU_JP_POJ_W_519006
+81366347968_HONNINKAKUNIN_CB_SKY,Transfer_Type : External_Transfer | Transfer_Number : 117 | Failed_Transfer_Message : PRU_JP_POJ_A_518010
+81366347970_HONNINKAKUNIN_CB_NAIHEN,Transfer_Type : External_Transfer | Transfer_Number : 117| Failed_Transfer_Message : PRU_JP_POJ_A_518010
+81366348261_P_HOZENDENWA_SP_IN,Skill: PS_PL_保全電話_SP_SK | Call_Type: 25
+81366348268_P_KENSHUU,Skill: PS_P_研修| Whisper : PRU_JP_POJ_W_519001
+81366348383_LPSD1_DB_ERROR,Skill: PL_PL_LPSD_LP1-1_SK| Call_Type: 99
+81366348383_LPSD1_MENU_1_1,Skill:PL_PL_LPSD_LP1-1_SK | Call_Type: 12 
+81366348383_LPSD1_MENU_1_2,Skill: PL_PL_LPSD_LP1-2_SK|Call_Type: 81
+81366348383_LPSD1_MENU_1_3,Skill:PL_PL_LPSD_LP1-3_SK|Call_Type: 82
+81366348383_LPSD1_MENU_1_4,Skill:PL_PL_LPSD_LP1-4_SK|Call_Type: 83
+81366348383_LPSD1_MENU_7_DB_FAIL,Skill: PL_P_LP_事務問い合わせ2| Call_Type: 99
+81366348383_LPSD1_MENU_9,Transfer_Type : External_Transfer | Transfer_Number : 117 | Failed_Transfer_Message : PRU_JP_POJ_A_516007
+81366348383_LPSD2_MENU_7_DB_FAIL,Skill: PL_P_LP_事務問い合わせ2| Call_Type: 99
+81366348383_LPSD2_MENU_9,Transfer_Type : External_Transfer | Transfer_Number : 117 | Failed_Transfer_Message : PRU_JP_POJ_A_516007
+81366348383_LPSD3_MENU_3,Skill:PL_PL_LPSD_LP3_SK| Call_Type: 73
+81366348383_LPSD3_MENU_6,Skill: PL_PL_LPSD_LP6_SK|Call_Type: 13
+81366348383_LPSD3_MENU_7_DB_FAIL,Skill: PL_P_LP_事務問い合わせ2| Call_Type: 99
+81366348383_LPSD3_MENU_9,Transfer_Type : External_Transfer | Transfer_Number : 117 | Failed_Transfer_Message : PRU_JP_POJ_A_516007
+81366348383_LPSD4_DB_ERROR,Skill: PL_PL_LPSD_LP1-1_SK| Call_Type: 99
+81366348383_LPSD4_MENU_1_1,Skill:PL_PL_LPSD_LP1-1_SK|Call_Type: 12
+81366348383_LPSD4_MENU_1_2,Skill:PL_PL_LPSD_LP1-2_SK|Call_Type: 81
+81366348383_LPSD4_MENU_1_3,Skill: PL_PL_LPSD_LP1-3_SK|Call_Type: 82
+81366348383_LPSD4_MENU_1_4,Skill: PL_PL_LPSD_LP1-4_SK|Call_Type: 83
+81366348383_LPSD4_MENU_3,Skill: PL_PL_LPSD_LP3_SK|Call_Type: 73
+81366348383_LPSD4_MENU_4,Skill: PL_PL_LPSD_LP4_SK|Call_Type: 70
+81366348383_LPSD4_MENU_6,Skill:PL_PL_LPSD_LP6_SK|Call_Type: 13
+81366348383_LPSD4_MENU_7_DB_FAIL,Skill: PL_P_LP_事務問い合わせ2| Call_Type: 99
+81366348383_LPSD4_MENU_9,Transfer_Type : External_Transfer | Transfer_Number : 117 | Failed_Transfer_Message : PRU_JP_POJ_A_516007
+81366348383_LPSD6_MENU_7_DB_FAIL,Skill:PL_P_LP_事務問い合わせ2| Call_Type: 99
+81366348383_LPSD7_MENU_7_DB_FAIL,Skill:PL_P_LP_事務問い合わせ2| Call_Type: 99
+81366348383_LPSD7_MENU_9,Transfer_Type : External_Transfer | Transfer_Number :117 | Failed_Transfer_Message : PRU_JP_POJ_A_516007
+81366348384_PL_MGRHD_DB_FAIL,Skill: PL_PL_マネヘル_SK | Call_Type: 99
+81366348384_PL_MGRHD_MENU_1,Skill: PL_PL_マネヘル_SK | Call_Type: 74
+81366348384_PL_MGRHD_MENU_2,Skill: PL_PL_マネヘル_SK | Call_Type: 75
+81366348384_PL_MGRHD_MENU_3,Skill: PL_PL_マネヘル_SK | Call_Type: 76
+81366348384_PL_MGRHD_MENU_4,Skill: PL_PL_マネヘル_SK | Call_Type: 77
+81366348385_PL_HZNDW,Transfer_Type : External_Transfer | Transfer_Number : 117| Failed_Transfer_Message : PRU_JP_POJ_A_518010
+81366348385_PL_HZNDW_DB_FAIL,Skill: PL_PL_保全電話_保全_SK | Call_Type: 99
+81366348385_PL_HZNDW_MENU_1,Skill: PL_PL_保全電話_保全_SK | Call_Type: 78
+81366348385_PL_HZNDW_MENU_2,Skill: PL_PL_保全電話_保険金_SK | Call_Type: 79
+81366348399_PC_CUSTOMER,Skill: PC_PC_お客様_SK | Call_Type: 11
+81366348410_P_KINKYU,Skill: PC_P_緊急回線_SK | Call_Type: 61
+81366348734_PC_AOBA_CUSTOMER,Skill: PC_PC_旧あおば契約お客様FD_SK | Call_Type: 60
+81366348739_PC_SAIKENSYO_CUST,Skill: PC_PC_再検証お客様回線_SK | Call_Type: 63
+81366349222_PC_SHIHARAIHOT_CUST,Skill: PC_P_支払いHL（お客様）_SK | Call_Type: 64
+81366349228_P_MY_NUMBER,Skill: PC_P_マイナンバー | Call_Type: 68
+81366349612_PC_SHIHARAIHOT_SOUDAN,Skill: PD_PC_支払いHL（相談室）_SK | Call_Type: 62
+81366349613_SOUDANSHITU_Tokyo,Skill: PD_P_相談室_東京 | Call_Type: 69
+81366349616_P_CC_TEST,Skill: P_P_CCテスト用
+81366349617_P_TEST_CCAP_IN,Skill: P_P_テスト_CCアプリ | Call_Type: 11
